Both Price And Arrival from 07-Jan-2018 To 31-Dec-2023 Total Arrival- 256.17,,,,,,,,,
State Name,District Name,Market Name,Variety,Group,Arrivals (Tonnes),Min Price (Rs./Quintal),Max Price (Rs./Quintal),Modal Price (Rs./Quintal),Reported Date
Madhya Pradesh,Chhindwara,Chhindwara(F&V),Cowpea (Veg),Vegetables,0.5,1000,1400,1200,20-Dec-23
Madhya Pradesh,Chhindwara,Chhindwara(F&V),Cowpea (Veg),Vegetables,0.5,1100,1300,1200,19-Dec-23
Madhya Pradesh,Chhindwara,Chhindwara(F&V),Cowpea (Veg),Vegetables,0.9,1300,1500,1400,17-Dec-23
Madhya Pradesh,Chhindwara,Chhindwara(F&V),Cowpea (Veg),Vegetables,0.5,1000,1200,1100,16-Dec-23
Madhya Pradesh,Chhindwara,Chhindwara(F&V),Cowpea (Veg),Vegetables,0.6,1100,1300,1200,15-Dec-23
Madhya Pradesh,Chhindwara,Chhindwara(F&V),Cowpea (Veg),Vegetables,0.4,1100,1300,1200,14-Dec-23
Madhya Pradesh,Chhindwara,Chhindwara(F&V),Cowpea (Veg),Vegetables,0.4,1100,1300,1200,13-Dec-23
Madhya Pradesh,Chhindwara,Chhindwara(F&V),Cowpea (Veg),Vegetables,0.6,1100,1300,1200,12-Dec-23
Madhya Pradesh,Chhindwara,Chhindwara(F&V),Cowpea (Veg),Vegetables,0.7,1100,1300,1200,10-Dec-23
Madhya Pradesh,Chhindwara,Chhindwara(F&V),Cowpea (Veg),Vegetables,0.6,1100,1300,1200,09-Dec-23
Madhya Pradesh,Chhindwara,Chhindwara(F&V),Cowpea (Veg),Vegetables,0.6,1100,1300,1200,08-Dec-23
Madhya Pradesh,Chhindwara,Chhindwara(F&V),Cowpea (Veg),Vegetables,0.6,1100,1300,1200,07-Dec-23
Madhya Pradesh,Chhindwara,Chhindwara(F&V),Cowpea (Veg),Vegetables,0.7,1100,1300,1200,06-Dec-23
Madhya Pradesh,Chhindwara,Chhindwara(F&V),Cowpea (Veg),Vegetables,0.6,1100,1300,1200,05-Dec-23
Madhya Pradesh,Chhindwara,Chhindwara(F&V),Cowpea (Veg),Vegetables,0.4,1100,1300,1200,03-Dec-23
Madhya Pradesh,Chhindwara,Chhindwara(F&V),Cowpea (Veg),Vegetables,0.3,1100,1300,1200,02-Dec-23
Madhya Pradesh,Chhindwara,Chhindwara(F&V),Cowpea (Veg),Vegetables,0.5,1100,1300,1200,01-Dec-23
Madhya Pradesh,Chhindwara,Chhindwara(F&V),Cowpea (Veg),Vegetables,0.6,1100,1300,1200,30-Nov-23
Madhya Pradesh,Chhindwara,Chhindwara(F&V),Cowpea (Veg),Vegetables,0.5,1200,1400,1300,29-Nov-23
Madhya Pradesh,Chhindwara,Chhindwara(F&V),Cowpea (Veg),Vegetables,0.5,700,900,800,28-Nov-23
Madhya Pradesh,Chhindwara,Chhindwara(F&V),Cowpea (Veg),Vegetables,0.4,1100,1300,1200,27-Nov-23
Madhya Pradesh,Chhindwara,Chhindwara(F&V),Cowpea (Veg),Vegetables,0.5,1100,1300,1200,25-Nov-23
Madhya Pradesh,Chhindwara,Chhindwara(F&V),Cowpea (Veg),Vegetables,0.5,1000,1200,1100,24-Nov-23
Madhya Pradesh,Chhindwara,Chhindwara(F&V),Cowpea (Veg),Vegetables,0.4,1100,1300,1200,23-Nov-23
Madhya Pradesh,Chhindwara,Chhindwara(F&V),Cowpea (Veg),Vegetables,0.4,1100,1300,1200,22-Nov-23
Madhya Pradesh,Chhindwara,Chhindwara(F&V),Cowpea (Veg),Vegetables,0.3,1100,1300,1200,21-Nov-23
Madhya Pradesh,Chhindwara,Chhindwara(F&V),Cowpea (Veg),Vegetables,0.4,1100,1300,1200,19-Nov-23
Madhya Pradesh,Chhindwara,Chhindwara(F&V),Cowpea (Veg),Vegetables,0.2,1200,1300,1250,18-Nov-23
Madhya Pradesh,Chhindwara,Chhindwara(F&V),Cowpea (Veg),Vegetables,0.4,1100,1300,1200,16-Nov-23
Madhya Pradesh,Chhindwara,Chhindwara(F&V),Cowpea (Veg),Vegetables,0.5,1100,1300,1200,15-Nov-23
Madhya Pradesh,Chhindwara,Chhindwara(F&V),Cowpea (Veg),Vegetables,0.2,1200,1300,1250,14-Nov-23
Madhya Pradesh,Chhindwara,Chhindwara(F&V),Cowpea (Veg),Vegetables,0.4,800,1000,900,12-Nov-23
Madhya Pradesh,Chhindwara,Chhindwara(F&V),Cowpea (Veg),Vegetables,0.7,1100,1300,1200,11-Nov-23
Madhya Pradesh,Chhindwara,Chhindwara(F&V),Cowpea (Veg),Vegetables,0.7,1200,1400,1300,10-Nov-23
Madhya Pradesh,Chhindwara,Chhindwara(F&V),Cowpea (Veg),Vegetables,0.4,1100,1300,1200,09-Nov-23
Madhya Pradesh,Chhindwara,Chhindwara(F&V),Cowpea (Veg),Vegetables,0.9,1100,1300,1200,08-Nov-23
Madhya Pradesh,Chhindwara,Chhindwara(F&V),Cowpea (Veg),Vegetables,0.5,1100,1300,1200,07-Nov-23
Madhya Pradesh,Chhindwara,Chhindwara(F&V),Cowpea (Veg),Vegetables,0.4,1200,1400,1300,05-Nov-23
Madhya Pradesh,Chhindwara,Chhindwara(F&V),Cowpea (Veg),Vegetables,0.4,1000,1200,1100,04-Nov-23
Madhya Pradesh,Chhindwara,Chhindwara(F&V),Cowpea (Veg),Vegetables,0.7,1100,1300,1200,03-Nov-23
Madhya Pradesh,Chhindwara,Chhindwara(F&V),Cowpea (Veg),Vegetables,0.7,1000,1300,1200,02-Nov-23
Madhya Pradesh,Chhindwara,Chhindwara(F&V),Cowpea (Veg),Vegetables,0.4,1100,1300,1200,01-Nov-23
Madhya Pradesh,Chhindwara,Chhindwara(F&V),Cowpea (Veg),Vegetables,0.3,1200,1300,1250,31-Oct-23
Madhya Pradesh,Chhindwara,Chhindwara(F&V),Cowpea (Veg),Vegetables,0.4,1100,1300,1200,29-Oct-23
Madhya Pradesh,Chhindwara,Chhindwara(F&V),Cowpea (Veg),Vegetables,0.4,1100,1200,1150,28-Oct-23
Madhya Pradesh,Chhindwara,Chhindwara(F&V),Cowpea (Veg),Vegetables,0.3,800,1000,900,27-Oct-23
Madhya Pradesh,Chhindwara,Chhindwara(F&V),Cowpea (Veg),Vegetables,0.6,900,1100,1000,26-Oct-23
Madhya Pradesh,Chhindwara,Chhindwara(F&V),Cowpea (Veg),Vegetables,0.4,1100,1300,1200,24-Oct-23
Madhya Pradesh,Chhindwara,Chhindwara(F&V),Cowpea (Veg),Vegetables,0.6,1100,1300,1200,19-Oct-23
Madhya Pradesh,Chhindwara,Chhindwara(F&V),Cowpea (Veg),Vegetables,0.3,900,1100,1000,18-Oct-23
Madhya Pradesh,Chhindwara,Chhindwara(F&V),Cowpea (Veg),Vegetables,0.4,1100,1300,1200,17-Oct-23
Madhya Pradesh,Chhindwara,Chhindwara(F&V),Cowpea (Veg),Vegetables,0.5,1100,1300,1200,15-Oct-23
Madhya Pradesh,Chhindwara,Chhindwara(F&V),Cowpea (Veg),Vegetables,0.5,1100,1300,1200,14-Oct-23
Madhya Pradesh,Chhindwara,Chhindwara(F&V),Cowpea (Veg),Vegetables,0.7,1100,1300,1200,13-Oct-23
Madhya Pradesh,Chhindwara,Chhindwara(F&V),Cowpea (Veg),Vegetables,0.1,900,900,900,05-Oct-23
Madhya Pradesh,Chhindwara,Chhindwara(F&V),Cowpea (Veg),Vegetables,0.3,800,1200,1000,04-Oct-23
Madhya Pradesh,Chhindwara,Chhindwara(F&V),Cowpea (Veg),Vegetables,0.5,800,1200,1000,03-Oct-23
Madhya Pradesh,Chhindwara,Chhindwara(F&V),Cowpea (Veg),Vegetables,0.4,900,1100,1000,28-Sep-23
Madhya Pradesh,Chhindwara,Chhindwara(F&V),Cowpea (Veg),Vegetables,0.2,900,1100,1000,26-Sep-23
Madhya Pradesh,Chhindwara,Chhindwara(F&V),Cowpea (Veg),Vegetables,0.2,1400,1600,1500,24-Sep-23
Madhya Pradesh,Chhindwara,Chhindwara(F&V),Cowpea (Veg),Vegetables,0.2,800,1000,900,23-Sep-23
Madhya Pradesh,Chhindwara,Chhindwara(F&V),Cowpea (Veg),Vegetables,0.3,900,1000,950,22-Sep-23
Madhya Pradesh,Chhindwara,Chhindwara(F&V),Cowpea (Veg),Vegetables,0.2,1000,1200,1100,21-Sep-23
Madhya Pradesh,Chhindwara,Chhindwara(F&V),Cowpea (Veg),Vegetables,0.2,900,1100,1000,14-Sep-23
Madhya Pradesh,Chhindwara,Chhindwara(F&V),Cowpea (Veg),Vegetables,0.3,900,1100,1000,13-Sep-23
Madhya Pradesh,Chhindwara,Chhindwara(F&V),Cowpea (Veg),Vegetables,0.3,900,1100,1000,12-Sep-23
Madhya Pradesh,Chhindwara,Chhindwara(F&V),Cowpea (Veg),Vegetables,0.3,1000,1200,1100,10-Sep-23
Madhya Pradesh,Chhindwara,Chhindwara(F&V),Cowpea (Veg),Vegetables,0.3,800,1000,900,09-Sep-23
Madhya Pradesh,Chhindwara,Chhindwara(F&V),Cowpea (Veg),Vegetables,0.2,900,1100,1000,08-Sep-23
Madhya Pradesh,Chhindwara,Chhindwara(F&V),Cowpea (Veg),Vegetables,0.2,1000,1200,1100,07-Sep-23
Madhya Pradesh,Chhindwara,Chhindwara(F&V),Cowpea (Veg),Vegetables,0.4,800,1000,900,05-Sep-23
Madhya Pradesh,Chhindwara,Chhindwara(F&V),Cowpea (Veg),Vegetables,0.8,700,900,800,03-Sep-23
Madhya Pradesh,Chhindwara,Chhindwara(F&V),Cowpea (Veg),Vegetables,0.4,1100,1300,1200,02-Sep-23
Madhya Pradesh,Chhindwara,Chhindwara(F&V),Cowpea (Veg),Vegetables,0.2,800,1000,900,27-Aug-23
Madhya Pradesh,Chhindwara,Chhindwara(F&V),Cowpea (Veg),Vegetables,0.2,700,900,800,26-Aug-23
Madhya Pradesh,Chhindwara,Chhindwara(F&V),Cowpea (Veg),Vegetables,0.2,700,900,800,25-Aug-23
Madhya Pradesh,Chhindwara,Chhindwara(F&V),Cowpea (Veg),Vegetables,0.2,1100,1300,1200,24-Aug-23
Madhya Pradesh,Chhindwara,Chhindwara(F&V),Cowpea (Veg),Vegetables,0.2,1300,1500,1400,23-Aug-23
Madhya Pradesh,Chhindwara,Chhindwara(F&V),Cowpea (Veg),Vegetables,0.2,1300,1500,1400,22-Aug-23
Madhya Pradesh,Chhindwara,Chhindwara(F&V),Cowpea (Veg),Vegetables,0.3,1400,1600,1500,20-Aug-23
Madhya Pradesh,Chhindwara,Chhindwara(F&V),Cowpea (Veg),Vegetables,0.6,1200,1300,1250,19-Aug-23
Madhya Pradesh,Chhindwara,Chhindwara(F&V),Cowpea (Veg),Vegetables,0.2,1500,1700,1600,18-Aug-23
Madhya Pradesh,Chhindwara,Chhindwara(F&V),Cowpea (Veg),Vegetables,0.2,1500,1700,1600,17-Aug-23
Madhya Pradesh,Chhindwara,Chhindwara(F&V),Cowpea (Veg),Vegetables,0.2,1400,1600,1500,16-Aug-23
Madhya Pradesh,Chhindwara,Chhindwara(F&V),Cowpea (Veg),Vegetables,0.2,1500,1700,1600,15-Aug-23
Madhya Pradesh,Chhindwara,Chhindwara(F&V),Cowpea (Veg),Vegetables,0.2,1100,1300,1200,13-Aug-23
Madhya Pradesh,Chhindwara,Chhindwara(F&V),Cowpea (Veg),Vegetables,0.4,1300,1500,1400,12-Aug-23
Madhya Pradesh,Chhindwara,Chhindwara(F&V),Cowpea (Veg),Vegetables,0.2,1500,1700,1600,11-Aug-23
Madhya Pradesh,Chhindwara,Chhindwara(F&V),Cowpea (Veg),Vegetables,0.2,1500,1700,1600,10-Aug-23
Madhya Pradesh,Chhindwara,Chhindwara(F&V),Cowpea (Veg),Vegetables,0.2,1500,1800,1600,09-Aug-23
Madhya Pradesh,Chhindwara,Chhindwara(F&V),Cowpea (Veg),Vegetables,0.3,1500,1800,1600,08-Aug-23
Madhya Pradesh,Chhindwara,Chhindwara(F&V),Cowpea (Veg),Vegetables,0.3,1400,1600,1500,06-Aug-23
Madhya Pradesh,Chhindwara,Chhindwara(F&V),Cowpea (Veg),Vegetables,0.2,1400,1600,1500,05-Aug-23
Madhya Pradesh,Chhindwara,Chhindwara(F&V),Cowpea (Veg),Vegetables,0.1,1200,1200,1200,04-Aug-23
Madhya Pradesh,Chhindwara,Chhindwara(F&V),Cowpea (Veg),Vegetables,0.6,500,700,600,03-Aug-23
Madhya Pradesh,Chhindwara,Chhindwara(F&V),Cowpea (Veg),Vegetables,0.2,1300,1400,1350,02-Aug-23
Madhya Pradesh,Chhindwara,Chhindwara(F&V),Cowpea (Veg),Vegetables,0.3,1500,1800,1600,01-Aug-23
Madhya Pradesh,Chhindwara,Chhindwara(F&V),Cowpea (Veg),Vegetables,0.2,1400,1600,1500,30-Jul-23
Madhya Pradesh,Chhindwara,Chhindwara(F&V),Cowpea (Veg),Vegetables,0.2,1400,1600,1500,29-Jul-23
Madhya Pradesh,Chhindwara,Chhindwara(F&V),Cowpea (Veg),Vegetables,0.1,1800,1800,1800,28-Jul-23
Madhya Pradesh,Chhindwara,Chhindwara(F&V),Cowpea (Veg),Vegetables,0.2,1900,2100,2000,27-Jul-23
Madhya Pradesh,Chhindwara,Chhindwara(F&V),Cowpea (Veg),Vegetables,0.2,1200,1400,1300,26-Jul-23
Madhya Pradesh,Chhindwara,Chhindwara(F&V),Cowpea (Veg),Vegetables,0.2,1400,1600,1500,25-Jul-23
Madhya Pradesh,Chhindwara,Chhindwara(F&V),Cowpea (Veg),Vegetables,0.3,1600,1800,1700,23-Jul-23
Madhya Pradesh,Chhindwara,Chhindwara(F&V),Cowpea (Veg),Vegetables,0.3,1500,1800,1600,22-Jul-23
Madhya Pradesh,Chhindwara,Chhindwara(F&V),Cowpea (Veg),Vegetables,0.2,1500,1800,1600,21-Jul-23
Madhya Pradesh,Chhindwara,Chhindwara(F&V),Cowpea (Veg),Vegetables,0.1,1800,1800,1800,20-Jul-23
Madhya Pradesh,Chhindwara,Chhindwara(F&V),Cowpea (Veg),Vegetables,0.4,1500,1700,1600,19-Jul-23
Madhya Pradesh,Chhindwara,Chhindwara(F&V),Cowpea (Veg),Vegetables,0.2,1500,1800,1600,18-Jul-23
Madhya Pradesh,Chhindwara,Chhindwara(F&V),Cowpea (Veg),Vegetables,0.1,1800,1800,1800,16-Jul-23
Madhya Pradesh,Chhindwara,Chhindwara(F&V),Cowpea (Veg),Vegetables,0.4,1600,1800,1700,15-Jul-23
Madhya Pradesh,Chhindwara,Chhindwara(F&V),Cowpea (Veg),Vegetables,0.2,1500,1800,1600,14-Jul-23
Madhya Pradesh,Chhindwara,Chhindwara(F&V),Cowpea (Veg),Vegetables,0.4,1700,2000,1800,13-Jul-23
Madhya Pradesh,Chhindwara,Chhindwara(F&V),Cowpea (Veg),Vegetables,0.4,1500,1800,1600,12-Jul-23
Madhya Pradesh,Chhindwara,Chhindwara(F&V),Cowpea (Veg),Vegetables,0.2,1700,2000,1800,11-Jul-23
Madhya Pradesh,Chhindwara,Chhindwara(F&V),Cowpea (Veg),Vegetables,0.4,1500,1800,1600,09-Jul-23
Madhya Pradesh,Chhindwara,Chhindwara(F&V),Cowpea (Veg),Vegetables,0.5,1500,1800,1600,08-Jul-23
Madhya Pradesh,Chhindwara,Chhindwara(F&V),Cowpea (Veg),Vegetables,0.2,1700,2000,1800,07-Jul-23
Madhya Pradesh,Chhindwara,Chhindwara(F&V),Cowpea (Veg),Vegetables,0.2,1700,1900,1800,06-Jul-23
Madhya Pradesh,Chhindwara,Chhindwara(F&V),Cowpea (Veg),Vegetables,0.2,1700,2000,1800,05-Jul-23
Madhya Pradesh,Chhindwara,Chhindwara(F&V),Cowpea (Veg),Vegetables,0.2,1700,1900,1800,04-Jul-23
Madhya Pradesh,Chhindwara,Chhindwara(F&V),Cowpea (Veg),Vegetables,0.2,1500,1800,1600,02-Jul-23
Madhya Pradesh,Chhindwara,Chhindwara(F&V),Cowpea (Veg),Vegetables,0.4,1500,1800,1600,01-Jul-23
Madhya Pradesh,Chhindwara,Chhindwara(F&V),Cowpea (Veg),Vegetables,0.3,1400,1800,1500,30-Jun-23
Madhya Pradesh,Chhindwara,Chhindwara(F&V),Cowpea (Veg),Vegetables,0.5,1500,1800,1600,29-Jun-23
Madhya Pradesh,Chhindwara,Chhindwara(F&V),Cowpea (Veg),Vegetables,0.2,2200,2600,2500,28-Jun-23
Madhya Pradesh,Chhindwara,Chhindwara(F&V),Cowpea (Veg),Vegetables,0.2,1200,1400,1300,27-Jun-23
Madhya Pradesh,Chhindwara,Chhindwara(F&V),Cowpea (Veg),Vegetables,0.3,1200,1300,1250,25-Jun-23
Madhya Pradesh,Chhindwara,Chhindwara(F&V),Cowpea (Veg),Vegetables,0.2,1100,1300,1200,24-Jun-23
Madhya Pradesh,Chhindwara,Chhindwara(F&V),Cowpea (Veg),Vegetables,0.2,1000,1200,1100,23-Jun-23
Madhya Pradesh,Chhindwara,Chhindwara(F&V),Cowpea (Veg),Vegetables,0.2,1100,1200,1150,22-Jun-23
Madhya Pradesh,Chhindwara,Chhindwara(F&V),Cowpea (Veg),Vegetables,0.2,1500,1700,1600,20-Jun-23
Madhya Pradesh,Chhindwara,Chhindwara(F&V),Cowpea (Veg),Vegetables,0.2,1500,1700,1600,18-Jun-23
Madhya Pradesh,Chhindwara,Chhindwara(F&V),Cowpea (Veg),Vegetables,0.3,1300,1500,1400,17-Jun-23
Madhya Pradesh,Chhindwara,Chhindwara(F&V),Cowpea (Veg),Vegetables,0.2,1100,1300,1200,16-Jun-23
Madhya Pradesh,Chhindwara,Chhindwara(F&V),Cowpea (Veg),Vegetables,0.4,900,1100,1000,15-Jun-23
Madhya Pradesh,Chhindwara,Chhindwara(F&V),Cowpea (Veg),Vegetables,0.2,1000,1200,1100,14-Jun-23
Madhya Pradesh,Chhindwara,Chhindwara(F&V),Cowpea (Veg),Vegetables,0.2,900,1100,1000,13-Jun-23
Madhya Pradesh,Chhindwara,Chhindwara(F&V),Cowpea (Veg),Vegetables,0.3,900,1000,950,11-Jun-23
Madhya Pradesh,Chhindwara,Chhindwara(F&V),Cowpea (Veg),Vegetables,0.2,1000,1200,1100,10-Jun-23
Madhya Pradesh,Chhindwara,Chhindwara(F&V),Cowpea (Veg),Vegetables,0.2,1000,1200,1100,09-Jun-23
Madhya Pradesh,Chhindwara,Chhindwara(F&V),Cowpea (Veg),Vegetables,0.3,1000,1200,1100,08-Jun-23
Madhya Pradesh,Chhindwara,Chhindwara(F&V),Cowpea (Veg),Vegetables,0.5,900,1100,1000,07-Jun-23
Madhya Pradesh,Chhindwara,Chhindwara(F&V),Cowpea (Veg),Vegetables,0.3,900,1100,1000,06-Jun-23
Madhya Pradesh,Chhindwara,Chhindwara(F&V),Cowpea (Veg),Vegetables,0.3,800,1000,900,04-Jun-23
Madhya Pradesh,Chhindwara,Chhindwara(F&V),Cowpea (Veg),Vegetables,0.4,700,900,800,03-Jun-23
Madhya Pradesh,Chhindwara,Chhindwara(F&V),Cowpea (Veg),Vegetables,0.3,900,1100,1000,02-Jun-23
Madhya Pradesh,Chhindwara,Chhindwara(F&V),Cowpea (Veg),Vegetables,0.4,700,900,800,01-Jun-23
Madhya Pradesh,Chhindwara,Chhindwara(F&V),Cowpea (Veg),Vegetables,0.4,800,1000,900,31-May-23
Madhya Pradesh,Chhindwara,Chhindwara(F&V),Cowpea (Veg),Vegetables,0.3,800,1000,900,30-May-23
Madhya Pradesh,Chhindwara,Chhindwara(F&V),Cowpea (Veg),Vegetables,0.4,900,1100,1000,28-May-23
Madhya Pradesh,Chhindwara,Chhindwara(F&V),Cowpea (Veg),Vegetables,0.3,1000,1100,1050,27-May-23
Madhya Pradesh,Chhindwara,Chhindwara(F&V),Cowpea (Veg),Vegetables,0.7,900,1100,1000,26-May-23
Madhya Pradesh,Chhindwara,Chhindwara(F&V),Cowpea (Veg),Vegetables,0.4,900,1100,1000,25-May-23
Madhya Pradesh,Chhindwara,Chhindwara(F&V),Cowpea (Veg),Vegetables,0.3,900,1100,1000,24-May-23
Madhya Pradesh,Chhindwara,Chhindwara(F&V),Cowpea (Veg),Vegetables,0.4,800,1000,900,23-May-23
Madhya Pradesh,Chhindwara,Chhindwara(F&V),Cowpea (Veg),Vegetables,0.5,800,1000,900,21-May-23
Madhya Pradesh,Chhindwara,Chhindwara(F&V),Cowpea (Veg),Vegetables,0.4,900,1100,1000,20-May-23
Madhya Pradesh,Chhindwara,Chhindwara(F&V),Cowpea (Veg),Vegetables,0.4,900,1100,1000,19-May-23
Madhya Pradesh,Chhindwara,Chhindwara(F&V),Cowpea (Veg),Vegetables,0.4,800,1000,900,18-May-23
Madhya Pradesh,Chhindwara,Chhindwara(F&V),Cowpea (Veg),Vegetables,0.4,800,1000,900,17-May-23
Madhya Pradesh,Chhindwara,Chhindwara(F&V),Cowpea (Veg),Vegetables,0.4,900,1100,1000,16-May-23
Madhya Pradesh,Chhindwara,Chhindwara(F&V),Cowpea (Veg),Vegetables,0.3,900,1100,1000,14-May-23
Madhya Pradesh,Chhindwara,Chhindwara(F&V),Cowpea (Veg),Vegetables,0.4,900,1100,1000,13-May-23
Madhya Pradesh,Chhindwara,Chhindwara(F&V),Cowpea (Veg),Vegetables,0.6,800,1000,900,12-May-23
Madhya Pradesh,Chhindwara,Chhindwara(F&V),Cowpea (Veg),Vegetables,0.2,800,1000,900,11-May-23
Madhya Pradesh,Chhindwara,Chhindwara(F&V),Cowpea (Veg),Vegetables,0.2,800,1000,900,10-May-23
Madhya Pradesh,Chhindwara,Chhindwara(F&V),Cowpea (Veg),Vegetables,0.2,900,1100,1000,09-May-23
Madhya Pradesh,Chhindwara,Chhindwara(F&V),Cowpea (Veg),Vegetables,0.2,900,1100,1000,07-May-23
Madhya Pradesh,Chhindwara,Chhindwara(F&V),Cowpea (Veg),Vegetables,0.2,900,1100,1000,06-May-23
Madhya Pradesh,Chhindwara,Chhindwara(F&V),Cowpea (Veg),Vegetables,0.2,900,1100,1000,05-May-23
Madhya Pradesh,Chhindwara,Chhindwara(F&V),Cowpea (Veg),Vegetables,0.2,1000,1200,1050,04-May-23
Madhya Pradesh,Chhindwara,Chhindwara(F&V),Cowpea (Veg),Vegetables,0.2,900,1100,1000,03-May-23
Madhya Pradesh,Chhindwara,Chhindwara(F&V),Cowpea (Veg),Vegetables,0.3,900,1100,1000,02-May-23
Madhya Pradesh,Chhindwara,Chhindwara(F&V),Cowpea (Veg),Vegetables,0.4,900,1100,1000,30-Apr-23
Madhya Pradesh,Chhindwara,Chhindwara(F&V),Cowpea (Veg),Vegetables,0.2,800,1000,900,29-Apr-23
Madhya Pradesh,Chhindwara,Chhindwara(F&V),Cowpea (Veg),Vegetables,0.2,700,900,800,27-Apr-23
Madhya Pradesh,Chhindwara,Chhindwara(F&V),Cowpea (Veg),Vegetables,0.3,900,1100,1000,26-Apr-23
Madhya Pradesh,Chhindwara,Chhindwara(F&V),Cowpea (Veg),Vegetables,0.2,800,1000,900,25-Apr-23
Madhya Pradesh,Chhindwara,Chhindwara(F&V),Cowpea (Veg),Vegetables,0.2,900,1100,1000,23-Apr-23
Madhya Pradesh,Chhindwara,Chhindwara(F&V),Cowpea (Veg),Vegetables,0.2,800,1100,1000,22-Apr-23
Madhya Pradesh,Chhindwara,Chhindwara(F&V),Cowpea (Veg),Vegetables,0.2,900,1100,1000,21-Apr-23
Madhya Pradesh,Chhindwara,Chhindwara(F&V),Cowpea (Veg),Vegetables,0.2,900,1100,1000,20-Apr-23
Madhya Pradesh,Chhindwara,Chhindwara(F&V),Cowpea (Veg),Vegetables,0.2,900,1100,1000,19-Apr-23
Madhya Pradesh,Chhindwara,Chhindwara(F&V),Cowpea (Veg),Vegetables,0.2,900,1100,1000,18-Apr-23
Madhya Pradesh,Chhindwara,Chhindwara(F&V),Cowpea (Veg),Vegetables,0.2,900,1100,1000,16-Apr-23
Madhya Pradesh,Chhindwara,Chhindwara(F&V),Cowpea (Veg),Vegetables,0.2,900,1100,1000,15-Apr-23
Madhya Pradesh,Chhindwara,Chhindwara(F&V),Cowpea (Veg),Vegetables,0.2,900,1100,1000,14-Apr-23
Madhya Pradesh,Chhindwara,Chhindwara(F&V),Cowpea (Veg),Vegetables,0.2,800,1000,900,19-Mar-23
Madhya Pradesh,Chhindwara,Chhindwara(F&V),Cowpea (Veg),Vegetables,0.2,800,1000,900,18-Mar-23
Madhya Pradesh,Chhindwara,Chhindwara(F&V),Cowpea (Veg),Vegetables,0.2,700,900,800,17-Mar-23
Madhya Pradesh,Chhindwara,Chhindwara(F&V),Cowpea (Veg),Vegetables,0.2,700,900,800,16-Mar-23
Madhya Pradesh,Chhindwara,Chhindwara(F&V),Cowpea (Veg),Vegetables,0.2,800,1000,900,15-Mar-23
Madhya Pradesh,Chhindwara,Chhindwara(F&V),Cowpea (Veg),Vegetables,0.1,900,900,900,14-Mar-23
Madhya Pradesh,Chhindwara,Chhindwara(F&V),Cowpea (Veg),Vegetables,0.2,900,1100,1000,12-Mar-23
Madhya Pradesh,Chhindwara,Chhindwara(F&V),Cowpea (Veg),Vegetables,0.2,800,1000,900,11-Mar-23
Madhya Pradesh,Chhindwara,Chhindwara(F&V),Cowpea (Veg),Vegetables,0.1,950,950,950,09-Mar-23
Madhya Pradesh,Chhindwara,Chhindwara(F&V),Cowpea (Veg),Vegetables,0.1,900,900,900,07-Mar-23
Madhya Pradesh,Chhindwara,Chhindwara(F&V),Cowpea (Veg),Vegetables,0.3,700,900,800,05-Mar-23
Madhya Pradesh,Chhindwara,Chhindwara(F&V),Cowpea (Veg),Vegetables,0.1,1000,1000,1000,04-Mar-23
Madhya Pradesh,Chhindwara,Chhindwara(F&V),Cowpea (Veg),Vegetables,0.2,800,1000,900,03-Mar-23
Madhya Pradesh,Chhindwara,Chhindwara(F&V),Cowpea (Veg),Vegetables,0.2,900,1100,1000,02-Mar-23
Madhya Pradesh,Chhindwara,Chhindwara(F&V),Cowpea (Veg),Vegetables,0.2,900,1100,1000,01-Mar-23
Madhya Pradesh,Chhindwara,Chhindwara(F&V),Cowpea (Veg),Vegetables,0.2,800,1000,900,28-Feb-23
Madhya Pradesh,Chhindwara,Chhindwara(F&V),Cowpea (Veg),Vegetables,0.2,800,1000,900,26-Feb-23
Madhya Pradesh,Chhindwara,Chhindwara(F&V),Cowpea (Veg),Vegetables,0.1,1000,1000,1000,25-Feb-23
Madhya Pradesh,Chhindwara,Chhindwara(F&V),Cowpea (Veg),Vegetables,0.2,700,900,800,24-Feb-23
Madhya Pradesh,Chhindwara,Chhindwara(F&V),Cowpea (Veg),Vegetables,0.3,800,1000,900,23-Feb-23
Madhya Pradesh,Chhindwara,Chhindwara(F&V),Cowpea (Veg),Vegetables,0.2,700,900,800,22-Feb-23
Madhya Pradesh,Chhindwara,Chhindwara(F&V),Cowpea (Veg),Vegetables,0.2,700,900,800,21-Feb-23
Madhya Pradesh,Chhindwara,Chhindwara(F&V),Cowpea (Veg),Vegetables,0.2,700,900,800,19-Feb-23
Madhya Pradesh,Chhindwara,Chhindwara(F&V),Cowpea (Veg),Vegetables,0.3,700,900,800,18-Feb-23
Madhya Pradesh,Chhindwara,Chhindwara(F&V),Cowpea (Veg),Vegetables,0.2,700,900,800,16-Feb-23
Madhya Pradesh,Chhindwara,Chhindwara(F&V),Cowpea (Veg),Vegetables,0.2,700,900,800,15-Feb-23
Madhya Pradesh,Chhindwara,Chhindwara(F&V),Cowpea (Veg),Vegetables,0.2,700,900,800,14-Feb-23
Madhya Pradesh,Chhindwara,Chhindwara(F&V),Cowpea (Veg),Vegetables,0.2,800,1000,900,12-Feb-23
Madhya Pradesh,Chhindwara,Chhindwara(F&V),Cowpea (Veg),Vegetables,0.3,900,1100,1000,11-Feb-23
Madhya Pradesh,Chhindwara,Chhindwara(F&V),Cowpea (Veg),Vegetables,0.2,700,900,800,10-Feb-23
Madhya Pradesh,Chhindwara,Chhindwara(F&V),Cowpea (Veg),Vegetables,0.2,800,1000,900,09-Feb-23
Madhya Pradesh,Chhindwara,Chhindwara(F&V),Cowpea (Veg),Vegetables,0.2,800,1000,900,08-Feb-23
Madhya Pradesh,Chhindwara,Chhindwara(F&V),Cowpea (Veg),Vegetables,0.2,800,1000,900,07-Feb-23
Madhya Pradesh,Chhindwara,Chhindwara(F&V),Cowpea (Veg),Vegetables,0.3,800,1000,900,05-Feb-23
Madhya Pradesh,Chhindwara,Chhindwara(F&V),Cowpea (Veg),Vegetables,0.2,700,900,800,04-Feb-23
Madhya Pradesh,Chhindwara,Chhindwara(F&V),Cowpea (Veg),Vegetables,0.2,800,1000,900,03-Feb-23
Madhya Pradesh,Chhindwara,Chhindwara(F&V),Cowpea (Veg),Vegetables,0.3,700,900,800,01-Feb-23
Madhya Pradesh,Chhindwara,Chhindwara(F&V),Cowpea (Veg),Vegetables,0.3,700,900,800,31-Jan-23
Madhya Pradesh,Chhindwara,Chhindwara(F&V),Cowpea (Veg),Vegetables,0.3,700,900,800,29-Jan-23
Madhya Pradesh,Chhindwara,Chhindwara(F&V),Cowpea (Veg),Vegetables,0.3,800,1000,900,28-Jan-23
Madhya Pradesh,Chhindwara,Chhindwara(F&V),Cowpea (Veg),Vegetables,0.3,700,900,800,27-Jan-23
Madhya Pradesh,Chhindwara,Chhindwara(F&V),Cowpea (Veg),Vegetables,0.1,800,1000,900,26-Jan-23
Madhya Pradesh,Chhindwara,Chhindwara(F&V),Cowpea (Veg),Vegetables,0.4,700,900,800,25-Jan-23
Madhya Pradesh,Chhindwara,Chhindwara(F&V),Cowpea (Veg),Vegetables,0.2,700,900,800,24-Jan-23
Madhya Pradesh,Chhindwara,Chhindwara(F&V),Cowpea (Veg),Vegetables,0.4,800,1000,900,22-Jan-23
Madhya Pradesh,Chhindwara,Chhindwara(F&V),Cowpea (Veg),Vegetables,0.2,800,1000,900,21-Jan-23
Madhya Pradesh,Chhindwara,Chhindwara(F&V),Cowpea (Veg),Vegetables,0.2,800,1000,900,20-Jan-23
Madhya Pradesh,Chhindwara,Chhindwara(F&V),Cowpea (Veg),Vegetables,0.3,800,1000,900,19-Jan-23
Madhya Pradesh,Chhindwara,Chhindwara(F&V),Cowpea (Veg),Vegetables,0.4,700,900,800,18-Jan-23
Madhya Pradesh,Chhindwara,Chhindwara(F&V),Cowpea (Veg),Vegetables,0.2,800,1000,900,17-Jan-23
Madhya Pradesh,Chhindwara,Chhindwara(F&V),Cowpea (Veg),Vegetables,0.2,700,900,800,15-Jan-23
Madhya Pradesh,Chhindwara,Chhindwara(F&V),Cowpea (Veg),Vegetables,0.2,800,1000,900,14-Jan-23
Madhya Pradesh,Chhindwara,Chhindwara(F&V),Cowpea (Veg),Vegetables,0.2,800,1000,900,13-Jan-23
Madhya Pradesh,Chhindwara,Chhindwara(F&V),Cowpea (Veg),Vegetables,0.2,700,900,800,12-Jan-23
Madhya Pradesh,Chhindwara,Chhindwara(F&V),Cowpea (Veg),Vegetables,0.2,700,1000,800,11-Jan-23
Madhya Pradesh,Chhindwara,Chhindwara(F&V),Cowpea (Veg),Vegetables,0.2,700,900,800,10-Jan-23
Madhya Pradesh,Chhindwara,Chhindwara(F&V),Cowpea (Veg),Vegetables,0.2,800,1000,900,08-Jan-23
Madhya Pradesh,Chhindwara,Chhindwara(F&V),Cowpea (Veg),Vegetables,0.3,700,900,800,07-Jan-23
Madhya Pradesh,Chhindwara,Chhindwara(F&V),Cowpea (Veg),Vegetables,0.4,800,1000,900,06-Jan-23
Madhya Pradesh,Chhindwara,Chhindwara(F&V),Cowpea (Veg),Vegetables,0.2,700,900,800,04-Jan-23
Madhya Pradesh,Chhindwara,Chhindwara(F&V),Cowpea (Veg),Vegetables,0.3,700,900,800,03-Jan-23
Madhya Pradesh,Chhindwara,Chhindwara(F&V),Cowpea (Veg),Vegetables,0.2,800,1000,900,01-Jan-23
Madhya Pradesh,Chhindwara,Chhindwara(F&V),Cowpea (Veg),Vegetables,0.2,800,1000,900,31-Dec-22
Madhya Pradesh,Chhindwara,Chhindwara(F&V),Cowpea (Veg),Vegetables,0.1,800,800,800,30-Dec-22
Madhya Pradesh,Chhindwara,Chhindwara(F&V),Cowpea (Veg),Vegetables,0.3,800,900,850,29-Dec-22
Madhya Pradesh,Chhindwara,Chhindwara(F&V),Cowpea (Veg),Vegetables,0.2,700,900,800,28-Dec-22
Madhya Pradesh,Chhindwara,Chhindwara(F&V),Cowpea (Veg),Vegetables,0.2,800,1000,900,27-Dec-22
Madhya Pradesh,Chhindwara,Chhindwara(F&V),Cowpea (Veg),Vegetables,0.2,700,900,800,25-Dec-22
Madhya Pradesh,Chhindwara,Chhindwara(F&V),Cowpea (Veg),Vegetables,0.3,700,900,800,24-Dec-22
Madhya Pradesh,Chhindwara,Chhindwara(F&V),Cowpea (Veg),Vegetables,0.2,700,900,800,23-Dec-22
Madhya Pradesh,Chhindwara,Chhindwara(F&V),Cowpea (Veg),Vegetables,0.2,700,900,800,22-Dec-22
Madhya Pradesh,Chhindwara,Chhindwara(F&V),Cowpea (Veg),Vegetables,0.2,700,900,800,21-Dec-22
Madhya Pradesh,Chhindwara,Chhindwara(F&V),Cowpea (Veg),Vegetables,0.3,700,900,800,20-Dec-22
Madhya Pradesh,Chhindwara,Chhindwara(F&V),Cowpea (Veg),Vegetables,0.8,600,800,700,18-Dec-22
Madhya Pradesh,Chhindwara,Chhindwara(F&V),Cowpea (Veg),Vegetables,0.3,700,900,800,17-Dec-22
Madhya Pradesh,Chhindwara,Chhindwara(F&V),Cowpea (Veg),Vegetables,0.4,700,900,800,16-Dec-22
Madhya Pradesh,Chhindwara,Chhindwara(F&V),Cowpea (Veg),Vegetables,0.2,800,1000,900,15-Dec-22
Madhya Pradesh,Chhindwara,Chhindwara(F&V),Cowpea (Veg),Vegetables,0.4,800,1000,900,14-Dec-22
Madhya Pradesh,Chhindwara,Chhindwara(F&V),Cowpea (Veg),Vegetables,0.4,700,900,800,13-Dec-22
Madhya Pradesh,Chhindwara,Chhindwara(F&V),Cowpea (Veg),Vegetables,0.3,700,900,800,11-Dec-22
Madhya Pradesh,Chhindwara,Chhindwara(F&V),Cowpea (Veg),Vegetables,0.5,700,900,800,10-Dec-22
Madhya Pradesh,Chhindwara,Chhindwara(F&V),Cowpea (Veg),Vegetables,0.4,800,1000,900,09-Dec-22
Madhya Pradesh,Chhindwara,Chhindwara(F&V),Cowpea (Veg),Vegetables,0.4,800,1000,900,08-Dec-22
Madhya Pradesh,Chhindwara,Chhindwara(F&V),Cowpea (Veg),Vegetables,0.3,800,1000,900,07-Dec-22
Madhya Pradesh,Chhindwara,Chhindwara(F&V),Cowpea (Veg),Vegetables,0.4,800,1000,900,06-Dec-22
Madhya Pradesh,Chhindwara,Chhindwara(F&V),Cowpea (Veg),Vegetables,0.4,700,900,800,04-Dec-22
Madhya Pradesh,Chhindwara,Chhindwara(F&V),Cowpea (Veg),Vegetables,0.3,700,1000,800,03-Dec-22
Madhya Pradesh,Chhindwara,Chhindwara(F&V),Cowpea (Veg),Vegetables,0.4,800,1000,900,02-Dec-22
Madhya Pradesh,Chhindwara,Chhindwara(F&V),Cowpea (Veg),Vegetables,0.4,800,1000,900,01-Dec-22
Madhya Pradesh,Chhindwara,Chhindwara(F&V),Cowpea (Veg),Vegetables,0.4,700,900,800,30-Nov-22
Madhya Pradesh,Chhindwara,Chhindwara(F&V),Cowpea (Veg),Vegetables,0.5,800,1000,900,29-Nov-22
Madhya Pradesh,Chhindwara,Chhindwara(F&V),Cowpea (Veg),Vegetables,0.3,800,1000,900,27-Nov-22
Madhya Pradesh,Chhindwara,Chhindwara(F&V),Cowpea (Veg),Vegetables,0.2,800,1000,900,26-Nov-22
Madhya Pradesh,Chhindwara,Chhindwara(F&V),Cowpea (Veg),Vegetables,0.4,800,1000,900,25-Nov-22
Madhya Pradesh,Chhindwara,Chhindwara(F&V),Cowpea (Veg),Vegetables,0.5,800,1000,900,24-Nov-22
Madhya Pradesh,Chhindwara,Chhindwara(F&V),Cowpea (Veg),Vegetables,0.2,1000,1200,1100,23-Nov-22
Madhya Pradesh,Chhindwara,Chhindwara(F&V),Cowpea (Veg),Vegetables,0.4,800,1000,900,22-Nov-22
Madhya Pradesh,Chhindwara,Chhindwara(F&V),Cowpea (Veg),Vegetables,0.3,900,1100,1000,15-Nov-22
Madhya Pradesh,Chhindwara,Chhindwara(F&V),Cowpea (Veg),Vegetables,0.2,800,1000,900,13-Nov-22
Madhya Pradesh,Chhindwara,Chhindwara(F&V),Cowpea (Veg),Vegetables,0.5,800,1000,900,08-Nov-22
Madhya Pradesh,Chhindwara,Chhindwara(F&V),Cowpea (Veg),Vegetables,0.4,800,1000,900,06-Nov-22
Madhya Pradesh,Chhindwara,Chhindwara(F&V),Cowpea (Veg),Vegetables,0.2,800,1100,900,03-Nov-22
Madhya Pradesh,Chhindwara,Chhindwara(F&V),Cowpea (Veg),Vegetables,0.4,700,900,800,02-Nov-22
Madhya Pradesh,Chhindwara,Chhindwara(F&V),Cowpea (Veg),Vegetables,0.2,800,1000,900,01-Nov-22
Madhya Pradesh,Chhindwara,Chhindwara(F&V),Cowpea (Veg),Vegetables,0.2,800,1000,900,30-Oct-22
Madhya Pradesh,Chhindwara,Chhindwara(F&V),Cowpea (Veg),Vegetables,0.4,700,900,800,29-Oct-22
Madhya Pradesh,Chhindwara,Chhindwara(F&V),Cowpea (Veg),Vegetables,0.2,800,1000,900,28-Oct-22
Madhya Pradesh,Chhindwara,Chhindwara(F&V),Cowpea (Veg),Vegetables,0.2,800,1000,900,27-Oct-22
Madhya Pradesh,Chhindwara,Chhindwara(F&V),Cowpea (Veg),Vegetables,0.5,700,900,800,26-Oct-22
Madhya Pradesh,Chhindwara,Chhindwara(F&V),Cowpea (Veg),Vegetables,0.3,700,900,800,25-Oct-22
Madhya Pradesh,Chhindwara,Chhindwara(F&V),Cowpea (Veg),Vegetables,0.2,700,900,800,20-Oct-22
Madhya Pradesh,Chhindwara,Chhindwara(F&V),Cowpea (Veg),Vegetables,0.2,800,1000,900,19-Oct-22
Madhya Pradesh,Chhindwara,Chhindwara(F&V),Cowpea (Veg),Vegetables,0.2,700,900,800,18-Oct-22
Madhya Pradesh,Chhindwara,Chhindwara(F&V),Cowpea (Veg),Vegetables,0.3,700,900,800,16-Oct-22
Madhya Pradesh,Chhindwara,Chhindwara(F&V),Cowpea (Veg),Vegetables,0.2,700,900,800,15-Oct-22
Madhya Pradesh,Chhindwara,Chhindwara(F&V),Cowpea (Veg),Vegetables,0.1,900,900,900,14-Oct-22
Madhya Pradesh,Chhindwara,Chhindwara(F&V),Cowpea (Veg),Vegetables,0.4,700,900,800,13-Oct-22
Madhya Pradesh,Chhindwara,Chhindwara(F&V),Cowpea (Veg),Vegetables,0.3,700,900,800,12-Oct-22
Madhya Pradesh,Chhindwara,Chhindwara(F&V),Cowpea (Veg),Vegetables,0.3,800,1000,900,11-Oct-22
Madhya Pradesh,Chhindwara,Chhindwara(F&V),Cowpea (Veg),Vegetables,0.3,600,800,700,08-Oct-22
Madhya Pradesh,Chhindwara,Chhindwara(F&V),Cowpea (Veg),Vegetables,0.4,700,900,800,07-Oct-22
Madhya Pradesh,Chhindwara,Chhindwara(F&V),Cowpea (Veg),Vegetables,0.3,700,900,800,05-Oct-22
Madhya Pradesh,Chhindwara,Chhindwara(F&V),Cowpea (Veg),Vegetables,0.1,800,800,800,04-Oct-22
Madhya Pradesh,Chhindwara,Chhindwara(F&V),Cowpea (Veg),Vegetables,0.8,700,900,800,02-Oct-22
Madhya Pradesh,Chhindwara,Chhindwara(F&V),Cowpea (Veg),Vegetables,0.5,800,1000,900,01-Oct-22
Madhya Pradesh,Chhindwara,Chhindwara(F&V),Cowpea (Veg),Vegetables,0.1,800,800,800,28-Sep-22
Madhya Pradesh,Chhindwara,Chhindwara(F&V),Cowpea (Veg),Vegetables,0.3,800,1000,900,27-Sep-22
Madhya Pradesh,Chhindwara,Chhindwara(F&V),Cowpea (Veg),Vegetables,0.2,700,900,800,25-Sep-22
Madhya Pradesh,Chhindwara,Chhindwara(F&V),Cowpea (Veg),Vegetables,0.2,700,900,800,24-Sep-22
Madhya Pradesh,Chhindwara,Chhindwara(F&V),Cowpea (Veg),Vegetables,0.2,700,900,800,23-Sep-22
Madhya Pradesh,Chhindwara,Chhindwara(F&V),Cowpea (Veg),Vegetables,0.2,700,900,800,22-Sep-22
Madhya Pradesh,Chhindwara,Chhindwara(F&V),Cowpea (Veg),Vegetables,0.2,700,900,800,21-Sep-22
Madhya Pradesh,Chhindwara,Chhindwara(F&V),Cowpea (Veg),Vegetables,0.3,700,900,800,20-Sep-22
Madhya Pradesh,Chhindwara,Chhindwara(F&V),Cowpea (Veg),Vegetables,0.3,700,900,800,18-Sep-22
Madhya Pradesh,Chhindwara,Chhindwara(F&V),Cowpea (Veg),Vegetables,0.3,700,900,800,17-Sep-22
Madhya Pradesh,Chhindwara,Chhindwara(F&V),Cowpea (Veg),Vegetables,0.2,700,900,800,16-Sep-22
Madhya Pradesh,Chhindwara,Chhindwara(F&V),Cowpea (Veg),Vegetables,0.3,700,900,800,15-Sep-22
Madhya Pradesh,Chhindwara,Chhindwara(F&V),Cowpea (Veg),Vegetables,0.2,700,900,800,14-Sep-22
Madhya Pradesh,Chhindwara,Chhindwara(F&V),Cowpea (Veg),Vegetables,0.1,700,700,700,11-Sep-22
Madhya Pradesh,Chhindwara,Chhindwara(F&V),Cowpea (Veg),Vegetables,0.2,800,1000,900,10-Sep-22
Madhya Pradesh,Chhindwara,Chhindwara(F&V),Cowpea (Veg),Vegetables,0.2,700,900,800,09-Sep-22
Madhya Pradesh,Chhindwara,Chhindwara(F&V),Cowpea (Veg),Vegetables,0.1,700,900,800,08-Sep-22
Madhya Pradesh,Chhindwara,Chhindwara(F&V),Cowpea (Veg),Vegetables,0.3,700,900,800,07-Sep-22
Madhya Pradesh,Chhindwara,Chhindwara(F&V),Cowpea (Veg),Vegetables,0.3,700,900,800,06-Sep-22
Madhya Pradesh,Chhindwara,Chhindwara(F&V),Cowpea (Veg),Vegetables,0.1,800,800,800,04-Sep-22
Madhya Pradesh,Chhindwara,Chhindwara(F&V),Cowpea (Veg),Vegetables,0.2,800,1000,900,03-Sep-22
Madhya Pradesh,Chhindwara,Chhindwara(F&V),Cowpea (Veg),Vegetables,0.1,800,800,800,02-Sep-22
Madhya Pradesh,Chhindwara,Chhindwara(F&V),Cowpea (Veg),Vegetables,0.2,700,900,800,01-Sep-22
Madhya Pradesh,Chhindwara,Chhindwara(F&V),Cowpea (Veg),Vegetables,0.2,600,800,700,31-Aug-22
Madhya Pradesh,Chhindwara,Chhindwara(F&V),Cowpea (Veg),Vegetables,0.1,900,900,900,30-Aug-22
Madhya Pradesh,Chhindwara,Chhindwara(F&V),Cowpea (Veg),Vegetables,0.2,700,900,800,28-Aug-22
Madhya Pradesh,Chhindwara,Chhindwara(F&V),Cowpea (Veg),Vegetables,0.2,700,900,800,27-Aug-22
Madhya Pradesh,Chhindwara,Chhindwara(F&V),Cowpea (Veg),Vegetables,0.2,700,900,800,26-Aug-22
Madhya Pradesh,Chhindwara,Chhindwara(F&V),Cowpea (Veg),Vegetables,0.2,700,900,800,25-Aug-22
Madhya Pradesh,Chhindwara,Chhindwara(F&V),Cowpea (Veg),Vegetables,0.3,700,900,800,24-Aug-22
Madhya Pradesh,Chhindwara,Chhindwara(F&V),Cowpea (Veg),Vegetables,0.2,700,900,800,23-Aug-22
Madhya Pradesh,Chhindwara,Chhindwara(F&V),Cowpea (Veg),Vegetables,0.3,700,900,800,21-Aug-22
Madhya Pradesh,Chhindwara,Chhindwara(F&V),Cowpea (Veg),Vegetables,0.2,700,900,800,20-Aug-22
Madhya Pradesh,Chhindwara,Chhindwara(F&V),Cowpea (Veg),Vegetables,0.2,800,1000,900,19-Aug-22
Madhya Pradesh,Chhindwara,Chhindwara(F&V),Cowpea (Veg),Vegetables,0.2,700,900,800,17-Aug-22
Madhya Pradesh,Chhindwara,Chhindwara(F&V),Cowpea (Veg),Vegetables,0.1,900,900,900,16-Aug-22
Madhya Pradesh,Chhindwara,Chhindwara(F&V),Cowpea (Veg),Vegetables,0.2,700,900,800,14-Aug-22
Madhya Pradesh,Chhindwara,Chhindwara(F&V),Cowpea (Veg),Vegetables,0.2,700,900,800,13-Aug-22
Madhya Pradesh,Chhindwara,Chhindwara(F&V),Cowpea (Veg),Vegetables,0.1,800,800,800,09-Aug-22
Madhya Pradesh,Chhindwara,Chhindwara(F&V),Cowpea (Veg),Vegetables,0.2,600,800,700,06-Aug-22
Madhya Pradesh,Chhindwara,Chhindwara(F&V),Cowpea (Veg),Vegetables,0.1,900,900,900,05-Aug-22
Madhya Pradesh,Chhindwara,Chhindwara(F&V),Cowpea (Veg),Vegetables,0.1,900,900,900,04-Aug-22
Madhya Pradesh,Chhindwara,Chhindwara(F&V),Cowpea (Veg),Vegetables,0.2,800,1000,900,03-Aug-22
Madhya Pradesh,Chhindwara,Chhindwara(F&V),Cowpea (Veg),Vegetables,0.1,900,900,900,02-Aug-22
Madhya Pradesh,Chhindwara,Chhindwara(F&V),Cowpea (Veg),Vegetables,0.4,800,1000,900,31-Jul-22
Madhya Pradesh,Chhindwara,Chhindwara(F&V),Cowpea (Veg),Vegetables,0.1,900,900,900,30-Jul-22
Madhya Pradesh,Chhindwara,Chhindwara(F&V),Cowpea (Veg),Vegetables,0.2,800,1000,900,28-Jul-22
Madhya Pradesh,Chhindwara,Chhindwara(F&V),Cowpea (Veg),Vegetables,0.1,900,900,900,27-Jul-22
Madhya Pradesh,Chhindwara,Chhindwara(F&V),Cowpea (Veg),Vegetables,0.2,800,1000,900,26-Jul-22
Madhya Pradesh,Chhindwara,Chhindwara(F&V),Cowpea (Veg),Vegetables,0.2,700,900,800,24-Jul-22
Madhya Pradesh,Chhindwara,Chhindwara(F&V),Cowpea (Veg),Vegetables,0.2,700,900,800,23-Jul-22
Madhya Pradesh,Chhindwara,Chhindwara(F&V),Cowpea (Veg),Vegetables,0.2,700,900,800,22-Jul-22
Madhya Pradesh,Chhindwara,Chhindwara(F&V),Cowpea (Veg),Vegetables,0.1,800,800,800,20-Jul-22
Madhya Pradesh,Chhindwara,Chhindwara(F&V),Cowpea (Veg),Vegetables,0.1,800,800,800,19-Jul-22
Madhya Pradesh,Chhindwara,Chhindwara(F&V),Cowpea (Veg),Vegetables,0.1,900,900,900,16-Jul-22
Madhya Pradesh,Chhindwara,Chhindwara(F&V),Cowpea (Veg),Vegetables,0.1,1000,1000,1000,14-Jul-22
Madhya Pradesh,Chhindwara,Chhindwara(F&V),Cowpea (Veg),Vegetables,0.1,900,900,900,13-Jul-22
Madhya Pradesh,Chhindwara,Chhindwara(F&V),Cowpea (Veg),Vegetables,0.1,800,800,800,12-Jul-22
Madhya Pradesh,Chhindwara,Chhindwara(F&V),Cowpea (Veg),Vegetables,0.2,700,900,800,10-Jul-22
Madhya Pradesh,Chhindwara,Chhindwara(F&V),Cowpea (Veg),Vegetables,0.1,800,800,800,09-Jul-22
Madhya Pradesh,Chhindwara,Chhindwara(F&V),Cowpea (Veg),Vegetables,0.3,300,500,400,08-Jul-22
Madhya Pradesh,Chhindwara,Chhindwara(F&V),Cowpea (Veg),Vegetables,0.1,900,900,900,05-Jul-22
Madhya Pradesh,Chhindwara,Chhindwara(F&V),Cowpea (Veg),Vegetables,0.2,700,900,800,03-Jul-22
Madhya Pradesh,Chhindwara,Chhindwara(F&V),Cowpea (Veg),Vegetables,0.2,600,800,700,02-Jul-22
Madhya Pradesh,Chhindwara,Chhindwara(F&V),Cowpea (Veg),Vegetables,0.2,700,900,800,01-Jul-22
Madhya Pradesh,Chhindwara,Chhindwara(F&V),Cowpea (Veg),Vegetables,0.2,700,900,800,29-Jun-22
Madhya Pradesh,Chhindwara,Chhindwara(F&V),Cowpea (Veg),Vegetables,0.2,700,900,800,28-Jun-22
Madhya Pradesh,Chhindwara,Chhindwara(F&V),Cowpea (Veg),Vegetables,0.2,800,1000,900,26-Jun-22
Madhya Pradesh,Chhindwara,Chhindwara(F&V),Cowpea (Veg),Vegetables,0.3,800,1000,900,22-Jun-22
Madhya Pradesh,Chhindwara,Chhindwara(F&V),Cowpea (Veg),Vegetables,0.1,800,800,800,21-Jun-22
Madhya Pradesh,Chhindwara,Chhindwara(F&V),Cowpea (Veg),Vegetables,0.2,700,900,800,19-Jun-22
Madhya Pradesh,Chhindwara,Chhindwara(F&V),Cowpea (Veg),Vegetables,0.2,800,1000,900,18-Jun-22
Madhya Pradesh,Chhindwara,Chhindwara(F&V),Cowpea (Veg),Vegetables,0.4,900,1100,1000,17-Jun-22
Madhya Pradesh,Chhindwara,Chhindwara(F&V),Cowpea (Veg),Vegetables,0.3,1300,1500,1400,16-Jun-22
Madhya Pradesh,Chhindwara,Chhindwara(F&V),Cowpea (Veg),Vegetables,0.2,1400,1600,1500,15-Jun-22
Madhya Pradesh,Chhindwara,Chhindwara(F&V),Cowpea (Veg),Vegetables,0.4,700,900,800,14-Jun-22
Madhya Pradesh,Chhindwara,Chhindwara(F&V),Cowpea (Veg),Vegetables,0.2,800,1000,900,12-Jun-22
Madhya Pradesh,Chhindwara,Chhindwara(F&V),Cowpea (Veg),Vegetables,0.3,700,900,800,11-Jun-22
Madhya Pradesh,Chhindwara,Chhindwara(F&V),Cowpea (Veg),Vegetables,0.3,700,900,800,10-Jun-22
Madhya Pradesh,Chhindwara,Chhindwara(F&V),Cowpea (Veg),Vegetables,0.1,700,700,700,09-Jun-22
Madhya Pradesh,Chhindwara,Chhindwara(F&V),Cowpea (Veg),Vegetables,0.4,700,900,800,08-Jun-22
Madhya Pradesh,Chhindwara,Chhindwara(F&V),Cowpea (Veg),Vegetables,0.4,800,900,850,07-Jun-22
Madhya Pradesh,Chhindwara,Chhindwara(F&V),Cowpea (Veg),Vegetables,0.2,500,900,550,05-Jun-22
Madhya Pradesh,Chhindwara,Chhindwara(F&V),Cowpea (Veg),Vegetables,0.3,700,900,800,04-Jun-22
Madhya Pradesh,Chhindwara,Chhindwara(F&V),Cowpea (Veg),Vegetables,0.4,600,800,700,03-Jun-22
Madhya Pradesh,Chhindwara,Chhindwara(F&V),Cowpea (Veg),Vegetables,0.2,700,900,800,02-Jun-22
Madhya Pradesh,Chhindwara,Chhindwara(F&V),Cowpea (Veg),Vegetables,0.4,700,900,800,01-Jun-22
Madhya Pradesh,Chhindwara,Chhindwara(F&V),Cowpea (Veg),Vegetables,0.4,600,800,700,31-May-22
Madhya Pradesh,Chhindwara,Chhindwara(F&V),Cowpea (Veg),Vegetables,0.2,700,900,800,29-May-22
Madhya Pradesh,Chhindwara,Chhindwara(F&V),Cowpea (Veg),Vegetables,0.2,700,900,800,28-May-22
Madhya Pradesh,Chhindwara,Chhindwara(F&V),Cowpea (Veg),Vegetables,0.2,700,900,800,27-May-22
Madhya Pradesh,Chhindwara,Chhindwara(F&V),Cowpea (Veg),Vegetables,0.2,600,800,700,26-May-22
Madhya Pradesh,Chhindwara,Chhindwara(F&V),Cowpea (Veg),Vegetables,0.3,700,900,800,25-May-22
Madhya Pradesh,Chhindwara,Chhindwara(F&V),Cowpea (Veg),Vegetables,0.4,600,800,700,24-May-22
Madhya Pradesh,Chhindwara,Chhindwara(F&V),Cowpea (Veg),Vegetables,0.3,700,900,800,22-May-22
Madhya Pradesh,Chhindwara,Chhindwara(F&V),Cowpea (Veg),Vegetables,0.2,600,800,700,21-May-22
Madhya Pradesh,Chhindwara,Chhindwara(F&V),Cowpea (Veg),Vegetables,0.2,1100,1300,1200,20-May-22
Madhya Pradesh,Chhindwara,Chhindwara(F&V),Cowpea (Veg),Vegetables,0.2,600,800,700,19-May-22
Madhya Pradesh,Chhindwara,Chhindwara(F&V),Cowpea (Veg),Vegetables,0.2,600,800,700,18-May-22
Madhya Pradesh,Chhindwara,Chhindwara(F&V),Cowpea (Veg),Vegetables,0.2,700,900,800,17-May-22
Madhya Pradesh,Chhindwara,Chhindwara(F&V),Cowpea (Veg),Vegetables,0.1,600,600,600,15-May-22
Madhya Pradesh,Chhindwara,Chhindwara(F&V),Cowpea (Veg),Vegetables,0.2,1000,1400,1200,14-May-22
Madhya Pradesh,Chhindwara,Chhindwara(F&V),Cowpea (Veg),Vegetables,0.1,800,800,800,12-May-22
Madhya Pradesh,Chhindwara,Chhindwara(F&V),Cowpea (Veg),Vegetables,0.2,600,800,700,11-May-22
Madhya Pradesh,Chhindwara,Chhindwara(F&V),Cowpea (Veg),Vegetables,0.2,700,900,800,10-May-22
Madhya Pradesh,Chhindwara,Chhindwara(F&V),Cowpea (Veg),Vegetables,0.2,700,900,800,08-May-22
Madhya Pradesh,Chhindwara,Chhindwara(F&V),Cowpea (Veg),Vegetables,0.2,600,800,700,07-May-22
Madhya Pradesh,Chhindwara,Chhindwara(F&V),Cowpea (Veg),Vegetables,0.2,600,900,700,06-May-22
Madhya Pradesh,Chhindwara,Chhindwara(F&V),Cowpea (Veg),Vegetables,0.2,600,800,700,05-May-22
Madhya Pradesh,Chhindwara,Chhindwara(F&V),Cowpea (Veg),Vegetables,0.2,600,800,700,04-May-22
Madhya Pradesh,Chhindwara,Chhindwara(F&V),Cowpea (Veg),Vegetables,0.3,600,800,700,03-May-22
Madhya Pradesh,Chhindwara,Chhindwara(F&V),Cowpea (Veg),Vegetables,0.2,600,800,700,01-May-22
Madhya Pradesh,Chhindwara,Chhindwara(F&V),Cowpea (Veg),Vegetables,0.1,800,800,800,28-Apr-22
Madhya Pradesh,Chhindwara,Chhindwara(F&V),Cowpea (Veg),Vegetables,0.1,800,800,800,27-Apr-22
Madhya Pradesh,Chhindwara,Chhindwara(F&V),Cowpea (Veg),Vegetables,0.2,700,900,800,26-Apr-22
Madhya Pradesh,Chhindwara,Chhindwara(F&V),Cowpea (Veg),Vegetables,0.2,600,800,700,24-Apr-22
Madhya Pradesh,Chhindwara,Chhindwara(F&V),Cowpea (Veg),Vegetables,0.2,700,900,800,23-Apr-22
Madhya Pradesh,Chhindwara,Chhindwara(F&V),Cowpea (Veg),Vegetables,0.1,800,800,800,22-Apr-22
Madhya Pradesh,Chhindwara,Chhindwara(F&V),Cowpea (Veg),Vegetables,0.1,800,800,800,21-Apr-22
Madhya Pradesh,Chhindwara,Chhindwara(F&V),Cowpea (Veg),Vegetables,0.2,600,800,700,20-Apr-22
Madhya Pradesh,Chhindwara,Chhindwara(F&V),Cowpea (Veg),Vegetables,0.1,700,700,700,19-Apr-22
Madhya Pradesh,Chhindwara,Chhindwara(F&V),Cowpea (Veg),Vegetables,0.1,800,800,800,17-Apr-22
Madhya Pradesh,Chhindwara,Chhindwara(F&V),Cowpea (Veg),Vegetables,0.2,700,900,800,16-Apr-22
Madhya Pradesh,Chhindwara,Chhindwara(F&V),Cowpea (Veg),Vegetables,0.4,600,800,700,15-Apr-22
Madhya Pradesh,Chhindwara,Chhindwara(F&V),Cowpea (Veg),Vegetables,0.2,700,900,800,12-Apr-22
Madhya Pradesh,Chhindwara,Chhindwara(F&V),Cowpea (Veg),Vegetables,0.2,600,800,700,10-Apr-22
Madhya Pradesh,Chhindwara,Chhindwara(F&V),Cowpea (Veg),Vegetables,0.2,600,900,700,09-Apr-22
Madhya Pradesh,Chhindwara,Chhindwara(F&V),Cowpea (Veg),Vegetables,0.2,700,900,800,08-Apr-22
Madhya Pradesh,Chhindwara,Chhindwara(F&V),Cowpea (Veg),Vegetables,0.1,700,900,800,07-Apr-22
Madhya Pradesh,Chhindwara,Chhindwara(F&V),Cowpea (Veg),Vegetables,0.2,700,900,800,06-Apr-22
Madhya Pradesh,Chhindwara,Chhindwara(F&V),Cowpea (Veg),Vegetables,0.2,700,900,800,05-Apr-22
Madhya Pradesh,Chhindwara,Chhindwara(F&V),Cowpea (Veg),Vegetables,0.2,600,800,700,03-Apr-22
Madhya Pradesh,Chhindwara,Chhindwara(F&V),Cowpea (Veg),Vegetables,0.2,600,900,800,02-Apr-22
Madhya Pradesh,Chhindwara,Chhindwara(F&V),Cowpea (Veg),Vegetables,0.2,600,800,700,01-Apr-22
Madhya Pradesh,Chhindwara,Chhindwara(F&V),Cowpea (Veg),Vegetables,0.1,700,900,800,31-Mar-22
Madhya Pradesh,Chhindwara,Chhindwara(F&V),Cowpea (Veg),Vegetables,0.2,700,900,800,30-Mar-22
Madhya Pradesh,Chhindwara,Chhindwara(F&V),Cowpea (Veg),Vegetables,0.2,700,900,800,27-Mar-22
Madhya Pradesh,Chhindwara,Chhindwara(F&V),Cowpea (Veg),Vegetables,0.1,700,900,800,26-Mar-22
Madhya Pradesh,Chhindwara,Chhindwara(F&V),Cowpea (Veg),Vegetables,0.2,600,800,700,25-Mar-22
Madhya Pradesh,Chhindwara,Chhindwara(F&V),Cowpea (Veg),Vegetables,0.2,700,900,800,23-Mar-22
Madhya Pradesh,Chhindwara,Chhindwara(F&V),Cowpea (Veg),Vegetables,0.2,700,900,800,22-Mar-22
Madhya Pradesh,Chhindwara,Chhindwara(F&V),Cowpea (Veg),Vegetables,0.2,400,900,800,20-Mar-22
Madhya Pradesh,Chhindwara,Chhindwara(F&V),Cowpea (Veg),Vegetables,0.1,700,900,800,16-Mar-22
Madhya Pradesh,Chhindwara,Chhindwara(F&V),Cowpea (Veg),Vegetables,0.2,700,900,800,15-Mar-22
Madhya Pradesh,Chhindwara,Chhindwara(F&V),Cowpea (Veg),Vegetables,0.1,800,1000,960,13-Mar-22
Madhya Pradesh,Chhindwara,Chhindwara(F&V),Cowpea (Veg),Vegetables,0.2,700,900,800,12-Mar-22
Madhya Pradesh,Chhindwara,Chhindwara(F&V),Cowpea (Veg),Vegetables,0.3,600,800,700,11-Mar-22
Madhya Pradesh,Chhindwara,Chhindwara(F&V),Cowpea (Veg),Vegetables,0.3,700,900,800,10-Mar-22
Madhya Pradesh,Chhindwara,Chhindwara(F&V),Cowpea (Veg),Vegetables,0.1,700,900,800,09-Mar-22
Madhya Pradesh,Chhindwara,Chhindwara(F&V),Cowpea (Veg),Vegetables,0.2,700,900,800,08-Mar-22
Madhya Pradesh,Chhindwara,Chhindwara(F&V),Cowpea (Veg),Vegetables,0.2,600,800,700,05-Mar-22
Madhya Pradesh,Chhindwara,Chhindwara(F&V),Cowpea (Veg),Vegetables,0.2,600,800,700,04-Mar-22
Madhya Pradesh,Chhindwara,Chhindwara(F&V),Cowpea (Veg),Vegetables,0.2,600,800,700,03-Mar-22
Madhya Pradesh,Chhindwara,Chhindwara(F&V),Cowpea (Veg),Vegetables,0.1,600,800,700,02-Mar-22
Madhya Pradesh,Chhindwara,Chhindwara(F&V),Cowpea (Veg),Vegetables,0.3,700,900,800,27-Feb-22
Madhya Pradesh,Chhindwara,Chhindwara(F&V),Cowpea (Veg),Vegetables,0.2,600,800,700,26-Feb-22
Madhya Pradesh,Chhindwara,Chhindwara(F&V),Cowpea (Veg),Vegetables,0.2,600,800,700,25-Feb-22
Madhya Pradesh,Chhindwara,Chhindwara(F&V),Cowpea (Veg),Vegetables,0.1,600,800,700,24-Feb-22
Madhya Pradesh,Chhindwara,Chhindwara(F&V),Cowpea (Veg),Vegetables,0.1,600,800,700,23-Feb-22
Madhya Pradesh,Chhindwara,Chhindwara(F&V),Cowpea (Veg),Vegetables,0.1,600,800,700,22-Feb-22
Madhya Pradesh,Chhindwara,Chhindwara(F&V),Cowpea (Veg),Vegetables,0.1,700,900,750,20-Feb-22
Madhya Pradesh,Chhindwara,Chhindwara(F&V),Cowpea (Veg),Vegetables,0.2,600,800,700,19-Feb-22
Madhya Pradesh,Chhindwara,Chhindwara(F&V),Cowpea (Veg),Vegetables,0.2,600,800,700,18-Feb-22
Madhya Pradesh,Chhindwara,Chhindwara(F&V),Cowpea (Veg),Vegetables,0.3,700,900,800,17-Feb-22
Madhya Pradesh,Chhindwara,Chhindwara(F&V),Cowpea (Veg),Vegetables,0.1,600,800,700,16-Feb-22
Madhya Pradesh,Chhindwara,Chhindwara(F&V),Cowpea (Veg),Vegetables,0.3,600,800,700,15-Feb-22
Madhya Pradesh,Chhindwara,Chhindwara(F&V),Cowpea (Veg),Vegetables,0.2,600,800,700,13-Feb-22
Madhya Pradesh,Chhindwara,Chhindwara(F&V),Cowpea (Veg),Vegetables,0.2,600,800,700,12-Feb-22
Madhya Pradesh,Chhindwara,Chhindwara(F&V),Cowpea (Veg),Vegetables,0.2,600,800,700,11-Feb-22
Madhya Pradesh,Chhindwara,Chhindwara(F&V),Cowpea (Veg),Vegetables,0.1,600,800,700,10-Feb-22
Madhya Pradesh,Chhindwara,Chhindwara(F&V),Cowpea (Veg),Vegetables,0.3,600,800,700,08-Feb-22
Madhya Pradesh,Chhindwara,Chhindwara(F&V),Cowpea (Veg),Vegetables,0.2,700,900,800,06-Feb-22
Madhya Pradesh,Chhindwara,Chhindwara(F&V),Cowpea (Veg),Vegetables,0.2,600,800,700,05-Feb-22
Madhya Pradesh,Chhindwara,Chhindwara(F&V),Cowpea (Veg),Vegetables,0.3,700,900,800,04-Feb-22
Madhya Pradesh,Chhindwara,Chhindwara(F&V),Cowpea (Veg),Vegetables,0.2,700,900,800,03-Feb-22
Madhya Pradesh,Chhindwara,Chhindwara(F&V),Cowpea (Veg),Vegetables,0.3,600,800,700,02-Feb-22
Madhya Pradesh,Chhindwara,Chhindwara(F&V),Cowpea (Veg),Vegetables,0.2,600,800,700,01-Feb-22
Madhya Pradesh,Chhindwara,Chhindwara(F&V),Cowpea (Veg),Vegetables,0.3,700,900,800,30-Jan-22
Madhya Pradesh,Chhindwara,Chhindwara(F&V),Cowpea (Veg),Vegetables,0.1,700,900,800,29-Jan-22
Madhya Pradesh,Chhindwara,Chhindwara(F&V),Cowpea (Veg),Vegetables,0.2,600,800,700,28-Jan-22
Madhya Pradesh,Chhindwara,Chhindwara(F&V),Cowpea (Veg),Vegetables,0.3,600,800,700,27-Jan-22
Madhya Pradesh,Chhindwara,Chhindwara(F&V),Cowpea (Veg),Vegetables,0.3,600,800,700,26-Jan-22
Madhya Pradesh,Chhindwara,Chhindwara(F&V),Cowpea (Veg),Vegetables,0.2,700,900,800,25-Jan-22
Madhya Pradesh,Chhindwara,Chhindwara(F&V),Cowpea (Veg),Vegetables,0.3,700,900,800,23-Jan-22
Madhya Pradesh,Chhindwara,Chhindwara(F&V),Cowpea (Veg),Vegetables,0.1,600,800,700,22-Jan-22
Madhya Pradesh,Chhindwara,Chhindwara(F&V),Cowpea (Veg),Vegetables,0.3,600,800,700,21-Jan-22
Madhya Pradesh,Chhindwara,Chhindwara(F&V),Cowpea (Veg),Vegetables,0.2,700,900,800,20-Jan-22
Madhya Pradesh,Chhindwara,Chhindwara(F&V),Cowpea (Veg),Vegetables,0.1,500,700,600,19-Jan-22
Madhya Pradesh,Chhindwara,Chhindwara(F&V),Cowpea (Veg),Vegetables,0.2,600,800,700,18-Jan-22
Madhya Pradesh,Chhindwara,Chhindwara(F&V),Cowpea (Veg),Vegetables,0.2,700,900,800,16-Jan-22
Madhya Pradesh,Chhindwara,Chhindwara(F&V),Cowpea (Veg),Vegetables,0.3,700,800,740,15-Jan-22
Madhya Pradesh,Chhindwara,Chhindwara(F&V),Cowpea (Veg),Vegetables,0.1,600,800,700,14-Jan-22
Madhya Pradesh,Chhindwara,Chhindwara(F&V),Cowpea (Veg),Vegetables,0.2,600,800,700,13-Jan-22
Madhya Pradesh,Chhindwara,Chhindwara(F&V),Cowpea (Veg),Vegetables,0.3,600,800,700,12-Jan-22
Madhya Pradesh,Chhindwara,Chhindwara(F&V),Cowpea (Veg),Vegetables,0.2,600,800,700,11-Jan-22
Madhya Pradesh,Chhindwara,Chhindwara(F&V),Cowpea (Veg),Vegetables,0.3,700,900,800,09-Jan-22
Madhya Pradesh,Chhindwara,Chhindwara(F&V),Cowpea (Veg),Vegetables,0.1,600,800,700,08-Jan-22
Madhya Pradesh,Chhindwara,Chhindwara(F&V),Cowpea (Veg),Vegetables,0.2,600,800,700,07-Jan-22
Madhya Pradesh,Chhindwara,Chhindwara(F&V),Cowpea (Veg),Vegetables,0.4,600,800,700,06-Jan-22
Madhya Pradesh,Chhindwara,Chhindwara(F&V),Cowpea (Veg),Vegetables,0.4,600,800,700,05-Jan-22
Madhya Pradesh,Chhindwara,Chhindwara(F&V),Cowpea (Veg),Vegetables,0.2,700,900,800,04-Jan-22
Madhya Pradesh,Chhindwara,Chhindwara(F&V),Cowpea (Veg),Vegetables,0.2,600,800,700,02-Jan-22
Madhya Pradesh,Chhindwara,Chhindwara(F&V),Cowpea (Veg),Vegetables,0.2,600,800,700,01-Jan-22
Madhya Pradesh,Narsinghpur,Gadarwada,Other,Vegetables,0.6,3500,4000,3750,31-Aug-20
Madhya Pradesh,Narsinghpur,Gadarwada,Other,Vegetables,0.3,3000,4000,3500,27-Aug-20
Madhya Pradesh,Narsinghpur,Gadarwada,Other,Vegetables,0.3,3000,3500,3250,26-Aug-20
Madhya Pradesh,Narsinghpur,Gadarwada,Other,Vegetables,0.6,1200,1500,1350,07-Aug-20
Madhya Pradesh,Narsinghpur,Gadarwada,Other,Vegetables,0.3,1200,1500,1350,06-Aug-20
Madhya Pradesh,Narsinghpur,Gadarwada,Other,Vegetables,0.4,1500,1500,1500,05-Aug-20
Madhya Pradesh,Narsinghpur,Gadarwada,Other,Vegetables,0.2,1000,1000,1000,25-Jun-20
Madhya Pradesh,Narsinghpur,Gadarwada,Other,Vegetables,0.3,1000,1000,1000,22-Jun-20
Madhya Pradesh,Narsinghpur,Gadarwada,Other,Vegetables,0.4,1500,1500,1500,20-Jun-20
Madhya Pradesh,Narsinghpur,Gadarwada,Other,Vegetables,0.2,1000,1000,1000,19-Jun-20
Madhya Pradesh,Narsinghpur,Gadarwada,Other,Vegetables,0.3,1000,1000,1000,18-Jun-20
Madhya Pradesh,Narsinghpur,Gadarwada,Other,Vegetables,0.5,1000,1000,1000,16-Jun-20
Madhya Pradesh,Narsinghpur,Gadarwada,Other,Vegetables,0.3,600,600,600,15-Jun-20
Madhya Pradesh,Narsinghpur,Gadarwada,Other,Vegetables,0.4,1000,1000,1000,14-Jun-20
Madhya Pradesh,Narsinghpur,Gadarwada,Other,Vegetables,0.3,1000,1000,1000,13-Jun-20
Madhya Pradesh,Narsinghpur,Gadarwada,Other,Vegetables,0.3,1000,1000,1000,12-Jun-20
Madhya Pradesh,Narsinghpur,Gadarwada,Other,Vegetables,0.4,1000,1000,1000,11-Jun-20
Madhya Pradesh,Narsinghpur,Gadarwada,Other,Vegetables,0.3,1000,1000,1000,10-Jun-20
Madhya Pradesh,Narsinghpur,Gadarwada,Other,Vegetables,0.3,1000,1000,1000,08-Jun-20
Madhya Pradesh,Narsinghpur,Gadarwada,Other,Vegetables,0.3,1000,1000,1000,06-Jun-20
Madhya Pradesh,Narsinghpur,Gadarwada,Other,Vegetables,0.3,1000,1000,1000,05-Jun-20
Madhya Pradesh,Narsinghpur,Gadarwada,Other,Vegetables,0.2,1000,1000,1000,02-Jun-20
Madhya Pradesh,Narsinghpur,Gadarwada,Other,Vegetables,0.3,1000,1000,1000,31-May-20
Madhya Pradesh,Narsinghpur,Gadarwada,Other,Vegetables,0.2,800,800,800,29-May-20
Madhya Pradesh,Narsinghpur,Gadarwada,Other,Vegetables,0.3,800,800,800,26-May-20
Madhya Pradesh,Narsinghpur,Gadarwada,Other,Vegetables,0.3,800,800,800,24-May-20
Madhya Pradesh,Narsinghpur,Gadarwada,Other,Vegetables,0.3,1000,1000,1000,19-May-20
Madhya Pradesh,Narsinghpur,Gadarwada,Other,Vegetables,0.2,1000,1000,1000,17-May-20
Madhya Pradesh,Narsinghpur,Gadarwada,Other,Vegetables,0.2,1000,1000,1000,15-May-20
Madhya Pradesh,Narsinghpur,Gadarwada,Other,Vegetables,0.1,1000,1000,1000,12-May-20
Madhya Pradesh,Narsinghpur,Gadarwada,Other,Vegetables,2,3000,3000,3000,30-Nov-19
Madhya Pradesh,Narsinghpur,Gadarwada,Other,Vegetables,2,2500,2500,2500,29-Nov-19
Madhya Pradesh,Narsinghpur,Gadarwada,Other,Vegetables,2,2500,2500,2500,27-Nov-19
Madhya Pradesh,Narsinghpur,Gadarwada,Other,Vegetables,0.2,2900,2900,2900,21-Nov-19
Madhya Pradesh,Narsinghpur,Gadarwada,Other,Vegetables,0.2,4000,4000,4000,18-Nov-19
Madhya Pradesh,Narsinghpur,Gadarwada,Other,Vegetables,0.1,2500,2500,2500,16-Nov-19
Madhya Pradesh,Narsinghpur,Gadarwada,Other,Vegetables,0.2,2000,3000,2500,14-Nov-19
Madhya Pradesh,Narsinghpur,Gadarwada,Other,Vegetables,0.1,3000,3000,3000,11-Nov-19
Madhya Pradesh,Narsinghpur,Gadarwada,Other,Vegetables,0.2,2500,3000,2750,10-Nov-19
Madhya Pradesh,Narsinghpur,Gadarwada,Other,Vegetables,0.1,3000,3000,3000,09-Nov-19
Madhya Pradesh,Narsinghpur,Gadarwada,Other,Vegetables,0.2,2500,2500,2500,08-Nov-19
Madhya Pradesh,Narsinghpur,Gadarwada,Other,Vegetables,0.1,2500,2500,2500,07-Nov-19
Madhya Pradesh,Narsinghpur,Gadarwada,Other,Vegetables,0.2,3000,3200,3100,06-Nov-19
Madhya Pradesh,Narsinghpur,Gadarwada,Other,Vegetables,0.1,3000,3000,3000,03-Nov-19
Madhya Pradesh,Narsinghpur,Gadarwada,Other,Vegetables,0.2,3000,4000,3500,02-Nov-19
Madhya Pradesh,Narsinghpur,Gadarwada,Other,Vegetables,0.2,2500,3000,2750,01-Nov-19
Madhya Pradesh,Narsinghpur,Gadarwada,Other,Vegetables,0.1,2500,2500,2500,31-Oct-19
Madhya Pradesh,Narsinghpur,Gadarwada,Other,Vegetables,0.2,3000,3000,3000,30-Oct-19
Madhya Pradesh,Narsinghpur,Gadarwada,Other,Vegetables,0.1,2500,3000,2750,27-Oct-19
Madhya Pradesh,Narsinghpur,Gadarwada,Other,Vegetables,0.1,3000,3000,3000,26-Oct-19
Madhya Pradesh,Narsinghpur,Gadarwada,Other,Vegetables,0.2,2000,2000,2000,25-Oct-19
Madhya Pradesh,Narsinghpur,Gadarwada,Other,Vegetables,0.2,2000,2500,2250,24-Oct-19
Madhya Pradesh,Narsinghpur,Gadarwada,Other,Vegetables,0.2,2500,3000,2750,23-Oct-19
Madhya Pradesh,Narsinghpur,Gadarwada,Other,Vegetables,0.3,2300,2500,2400,21-Oct-19
Madhya Pradesh,Narsinghpur,Gadarwada,Other,Vegetables,0.2,2500,3000,2750,20-Oct-19
Madhya Pradesh,Narsinghpur,Gadarwada,Other,Vegetables,0.2,3000,3000,3000,19-Oct-19
Madhya Pradesh,Narsinghpur,Gadarwada,Other,Vegetables,0.2,3000,3500,3250,18-Oct-19
Madhya Pradesh,Narsinghpur,Gadarwada,Other,Vegetables,0.4,2000,2500,2250,17-Oct-19
Madhya Pradesh,Narsinghpur,Gadarwada,Other,Vegetables,0.3,2500,2500,2500,16-Oct-19
Madhya Pradesh,Narsinghpur,Gadarwada,Other,Vegetables,0.1,3000,3000,3000,14-Oct-19
Madhya Pradesh,Narsinghpur,Gadarwada,Other,Vegetables,0.4,2000,2500,2250,13-Oct-19
Madhya Pradesh,Narsinghpur,Gadarwada,Other,Vegetables,0.2,1750,1750,1750,12-Oct-19
Madhya Pradesh,Narsinghpur,Gadarwada,Other,Vegetables,0.1,3000,3000,3000,11-Oct-19
Madhya Pradesh,Narsinghpur,Gadarwada,Other,Vegetables,0.2,3000,3000,3000,10-Oct-19
Madhya Pradesh,Narsinghpur,Gadarwada,Other,Vegetables,0.1,1500,1500,1500,07-Oct-19
Madhya Pradesh,Narsinghpur,Gadarwada,Other,Vegetables,0.3,3000,3000,3000,06-Oct-19
Madhya Pradesh,Narsinghpur,Gadarwada,Other,Vegetables,0.3,2500,3000,2750,05-Oct-19
Madhya Pradesh,Narsinghpur,Gadarwada,Other,Vegetables,0.2,3000,3000,3000,04-Oct-19
Madhya Pradesh,Narsinghpur,Gadarwada,Other,Vegetables,0.1,3000,3000,3000,03-Oct-19
Madhya Pradesh,Narsinghpur,Gadarwada,Other,Vegetables,0.1,3000,3000,3000,02-Oct-19
Madhya Pradesh,Narsinghpur,Gadarwada,Other,Vegetables,0.2,3000,3000,3000,30-Sep-19
Madhya Pradesh,Narsinghpur,Gadarwada,Other,Vegetables,0.2,3000,3000,3000,29-Sep-19
Madhya Pradesh,Narsinghpur,Gadarwada,Other,Vegetables,0.5,2800,3000,2900,28-Sep-19
Madhya Pradesh,Narsinghpur,Gadarwada,Other,Vegetables,0.2,2800,3000,2900,27-Sep-19
Madhya Pradesh,Narsinghpur,Gadarwada,Other,Vegetables,0.2,3000,3000,3000,26-Sep-19
Madhya Pradesh,Narsinghpur,Gadarwada,Other,Vegetables,0.2,3000,3000,3000,25-Sep-19
Madhya Pradesh,Narsinghpur,Gadarwada,Other,Vegetables,0.2,3000,3000,3000,23-Sep-19
Madhya Pradesh,Narsinghpur,Gadarwada,Other,Vegetables,0.2,3000,3000,3000,22-Sep-19
Madhya Pradesh,Narsinghpur,Gadarwada,Other,Vegetables,0.3,3000,3000,3000,21-Sep-19
Madhya Pradesh,Narsinghpur,Gadarwada,Other,Vegetables,0.1,3000,3000,3000,20-Sep-19
Madhya Pradesh,Narsinghpur,Gadarwada,Other,Vegetables,0.3,2000,2500,2250,19-Sep-19
Madhya Pradesh,Narsinghpur,Gadarwada,Other,Vegetables,0.3,2500,2500,2500,18-Sep-19
Madhya Pradesh,Narsinghpur,Gadarwada,Other,Vegetables,0.2,2500,2500,2500,14-Sep-19
Madhya Pradesh,Narsinghpur,Gadarwada,Other,Vegetables,0.3,2000,3000,2500,13-Sep-19
Madhya Pradesh,Narsinghpur,Gadarwada,Other,Vegetables,0.2,2000,2500,2250,12-Sep-19
Madhya Pradesh,Narsinghpur,Gadarwada,Other,Vegetables,0.3,2000,2000,2000,11-Sep-19
Madhya Pradesh,Narsinghpur,Gadarwada,Other,Vegetables,0.2,2000,2000,2000,08-Sep-19
Madhya Pradesh,Narsinghpur,Gadarwada,Other,Vegetables,0.2,2000,2500,2250,07-Sep-19
Madhya Pradesh,Narsinghpur,Gadarwada,Other,Vegetables,0.2,1000,1500,1250,06-Sep-19
Madhya Pradesh,Narsinghpur,Gadarwada,Other,Vegetables,0.2,2500,2500,2500,05-Sep-19
Madhya Pradesh,Narsinghpur,Gadarwada,Other,Vegetables,0.2,2000,2500,2200,04-Sep-19
Madhya Pradesh,Narsinghpur,Gadarwada,Other,Vegetables,0.1,2500,2500,2500,02-Sep-19
Madhya Pradesh,Narsinghpur,Gadarwada,Other,Vegetables,0.2,2500,3200,2850,01-Sep-19
Madhya Pradesh,Narsinghpur,Gadarwada,Other,Vegetables,0.2,2500,3100,2800,31-Aug-19
Madhya Pradesh,Narsinghpur,Gadarwada,Other,Vegetables,0.2,2500,3200,2800,30-Aug-19
Madhya Pradesh,Narsinghpur,Gadarwada,Other,Vegetables,0.1,3000,3000,3000,29-Aug-19
Madhya Pradesh,Narsinghpur,Gadarwada,Other,Vegetables,0.2,2500,3000,2750,28-Aug-19
Madhya Pradesh,Narsinghpur,Gadarwada,Other,Vegetables,0.1,3000,3000,3000,26-Aug-19
Madhya Pradesh,Narsinghpur,Gadarwada,Other,Vegetables,0.2,2500,4000,3250,25-Aug-19
Madhya Pradesh,Narsinghpur,Gadarwada,Other,Vegetables,0.2,2500,4000,3250,24-Aug-19
Madhya Pradesh,Narsinghpur,Gadarwada,Other,Vegetables,0.1,3000,3000,3000,23-Aug-19
Madhya Pradesh,Narsinghpur,Gadarwada,Other,Vegetables,0.3,2700,3000,2850,22-Aug-19
Madhya Pradesh,Narsinghpur,Gadarwada,Other,Vegetables,0.1,3000,3000,3000,21-Aug-19
Madhya Pradesh,Narsinghpur,Gadarwada,Other,Vegetables,0.1,3000,3000,3000,19-Aug-19
Madhya Pradesh,Narsinghpur,Gadarwada,Other,Vegetables,0.1,3000,3000,3000,18-Aug-19
Madhya Pradesh,Narsinghpur,Gadarwada,Other,Vegetables,0.2,3000,3800,3400,17-Aug-19
Madhya Pradesh,Narsinghpur,Gadarwada,Other,Vegetables,0.1,3000,3000,3000,14-Aug-19
Madhya Pradesh,Narsinghpur,Gadarwada,Other,Vegetables,0.1,3000,3000,3000,12-Aug-19
Madhya Pradesh,Narsinghpur,Gadarwada,Other,Vegetables,0.1,3000,3000,3000,11-Aug-19
Madhya Pradesh,Narsinghpur,Gadarwada,Other,Vegetables,0.8,2500,3000,2550,10-Aug-19
Madhya Pradesh,Narsinghpur,Gadarwada,Other,Vegetables,0.11,3200,3200,3200,09-Aug-19
Madhya Pradesh,Narsinghpur,Gadarwada,Other,Vegetables,0.1,2100,2100,2100,08-Aug-19
Madhya Pradesh,Narsinghpur,Gadarwada,Other,Vegetables,0.1,2500,2500,2500,07-Aug-19
Madhya Pradesh,Narsinghpur,Gadarwada,Other,Vegetables,0.2,2000,2500,2250,05-Aug-19
Madhya Pradesh,Narsinghpur,Gadarwada,Other,Vegetables,0.4,2000,2400,2200,04-Aug-19
Madhya Pradesh,Narsinghpur,Gadarwada,Other,Vegetables,0.2,2400,2500,2450,03-Aug-19
Madhya Pradesh,Narsinghpur,Gadarwada,Other,Vegetables,0.2,2000,2400,2200,02-Aug-19
Madhya Pradesh,Narsinghpur,Gadarwada,Other,Vegetables,0.2,2000,2100,2050,01-Aug-19
Madhya Pradesh,Narsinghpur,Gadarwada,Other,Vegetables,0.2,1800,2000,1900,31-Jul-19
Madhya Pradesh,Narsinghpur,Gadarwada,Other,Vegetables,0.4,1500,2000,1750,29-Jul-19
Madhya Pradesh,Narsinghpur,Gadarwada,Other,Vegetables,0.2,1500,1500,1500,28-Jul-19
Madhya Pradesh,Narsinghpur,Gadarwada,Other,Vegetables,0.3,1500,2200,1850,27-Jul-19
Madhya Pradesh,Narsinghpur,Gadarwada,Other,Vegetables,0.3,1500,2500,2000,26-Jul-19
Madhya Pradesh,Narsinghpur,Gadarwada,Other,Vegetables,0.3,1500,2200,1850,25-Jul-19
Madhya Pradesh,Narsinghpur,Gadarwada,Other,Vegetables,0.3,1500,3000,2250,24-Jul-19
Madhya Pradesh,Narsinghpur,Gadarwada,Other,Vegetables,0.2,1500,1500,1500,22-Jul-19
Madhya Pradesh,Narsinghpur,Gadarwada,Other,Vegetables,0.4,1500,3000,2250,21-Jul-19
Madhya Pradesh,Narsinghpur,Gadarwada,Other,Vegetables,0.2,3000,3500,3250,20-Jul-19
Madhya Pradesh,Narsinghpur,Gadarwada,Other,Vegetables,0.2,2500,2500,2500,17-Jul-19
Madhya Pradesh,Narsinghpur,Gadarwada,Other,Vegetables,0.3,2000,2600,2300,15-Jul-19
Madhya Pradesh,Narsinghpur,Gadarwada,Other,Vegetables,0.2,2000,2600,2300,14-Jul-19
Madhya Pradesh,Narsinghpur,Gadarwada,Other,Vegetables,0.2,1500,2000,1750,12-Jul-19
Madhya Pradesh,Narsinghpur,Gadarwada,Other,Vegetables,0.2,2000,2000,2000,11-Jul-19
Madhya Pradesh,Narsinghpur,Gadarwada,Other,Vegetables,0.2,1500,1500,1500,10-Jul-19
Madhya Pradesh,Narsinghpur,Gadarwada,Other,Vegetables,0.1,1800,1800,1800,08-Jul-19
Madhya Pradesh,Narsinghpur,Gadarwada,Other,Vegetables,0.2,1500,1500,1500,07-Jul-19
Madhya Pradesh,Narsinghpur,Gadarwada,Other,Vegetables,0.2,1500,1500,1500,06-Jul-19
Madhya Pradesh,Narsinghpur,Gadarwada,Other,Vegetables,0.2,1500,4000,2000,05-Jul-19
Madhya Pradesh,Narsinghpur,Gadarwada,Other,Vegetables,0.1,1500,1500,1500,04-Jul-19
Madhya Pradesh,Narsinghpur,Gadarwada,Other,Vegetables,0.2,3000,3500,3250,03-Jul-19
Madhya Pradesh,Narsinghpur,Gadarwada,Other,Vegetables,0.3,1500,1500,1500,01-Jul-19
Madhya Pradesh,Narsinghpur,Gadarwada,Other,Vegetables,0.3,1500,1500,1500,30-Jun-19
Madhya Pradesh,Narsinghpur,Gadarwada,Other,Vegetables,0.2,1500,1500,1500,29-Jun-19
Madhya Pradesh,Narsinghpur,Gadarwada,Other,Vegetables,0.2,1500,1500,1500,28-Jun-19
Madhya Pradesh,Narsinghpur,Gadarwada,Other,Vegetables,0.3,1500,1800,1650,27-Jun-19
Madhya Pradesh,Narsinghpur,Gadarwada,Other,Vegetables,0.2,1500,2500,2000,26-Jun-19
Madhya Pradesh,Narsinghpur,Gadarwada,Other,Vegetables,0.3,1500,2500,2000,24-Jun-19
Madhya Pradesh,Narsinghpur,Gadarwada,Other,Vegetables,0.3,1500,2500,2000,22-Jun-19
Madhya Pradesh,Narsinghpur,Gadarwada,Other,Vegetables,0.3,1500,2500,2000,20-Jun-19
Madhya Pradesh,Narsinghpur,Gadarwada,Other,Vegetables,0.3,1000,2000,1500,19-Jun-19
Madhya Pradesh,Narsinghpur,Gadarwada,Other,Vegetables,0.2,1500,1500,1500,17-Jun-19
Madhya Pradesh,Narsinghpur,Gadarwada,Other,Vegetables,0.2,1500,2000,1750,16-Jun-19
Madhya Pradesh,Narsinghpur,Gadarwada,Other,Vegetables,0.3,1200,1600,1400,15-Jun-19
Madhya Pradesh,Narsinghpur,Gadarwada,Other,Vegetables,0.3,1600,1700,1650,14-Jun-19
Madhya Pradesh,Narsinghpur,Gadarwada,Other,Vegetables,0.2,1300,1700,1500,13-Jun-19
Madhya Pradesh,Narsinghpur,Gadarwada,Other,Vegetables,0.2,1200,1300,1250,12-Jun-19
Madhya Pradesh,Narsinghpur,Gadarwada,Other,Vegetables,0.3,1500,1700,1600,10-Jun-19
Madhya Pradesh,Narsinghpur,Gadarwada,Other,Vegetables,0.2,1200,1200,1200,09-Jun-19
Madhya Pradesh,Narsinghpur,Gadarwada,Other,Vegetables,0.4,1000,1500,1250,08-Jun-19
Madhya Pradesh,Narsinghpur,Gadarwada,Other,Vegetables,0.2,1000,1000,1000,07-Jun-19
Madhya Pradesh,Narsinghpur,Gadarwada,Other,Vegetables,0.4,1000,1400,1200,06-Jun-19
Madhya Pradesh,Narsinghpur,Gadarwada,Other,Vegetables,0.3,1000,1000,1000,03-Jun-19
Madhya Pradesh,Narsinghpur,Gadarwada,Other,Vegetables,0.5,1000,1500,1250,02-Jun-19
Madhya Pradesh,Narsinghpur,Gadarwada,Other,Vegetables,0.4,1000,1300,1150,31-May-19
Madhya Pradesh,Narsinghpur,Gadarwada,Other,Vegetables,0.4,1000,2000,1500,30-May-19
Madhya Pradesh,Narsinghpur,Gadarwada,Other,Vegetables,0.3,1000,1600,1300,29-May-19
Madhya Pradesh,Narsinghpur,Gadarwada,Other,Vegetables,0.4,1200,1500,1350,27-May-19
Madhya Pradesh,Narsinghpur,Gadarwada,Other,Vegetables,0.3,1000,1000,1000,26-May-19
Madhya Pradesh,Narsinghpur,Gadarwada,Other,Vegetables,0.3,1000,1500,1250,25-May-19
Madhya Pradesh,Narsinghpur,Gadarwada,Other,Vegetables,0.4,1000,1500,1250,24-May-19
Madhya Pradesh,Narsinghpur,Gadarwada,Other,Vegetables,0.5,1000,1500,1250,23-May-19
Madhya Pradesh,Narsinghpur,Gadarwada,Other,Vegetables,0.4,1000,1500,1250,22-May-19
Madhya Pradesh,Narsinghpur,Gadarwada,Other,Vegetables,0.4,1200,1500,1350,19-May-19
Madhya Pradesh,Narsinghpur,Gadarwada,Other,Vegetables,0.3,2000,2500,2250,18-May-19
Madhya Pradesh,Narsinghpur,Gadarwada,Other,Vegetables,0.3,1000,2000,1500,17-May-19
Madhya Pradesh,Narsinghpur,Gadarwada,Other,Vegetables,0.3,1000,1000,1000,16-May-19
Madhya Pradesh,Narsinghpur,Gadarwada,Other,Vegetables,0.3,2000,2000,2000,15-May-19
Madhya Pradesh,Narsinghpur,Gadarwada,Other,Vegetables,0.2,1200,1200,1200,13-May-19
Madhya Pradesh,Narsinghpur,Gadarwada,Other,Vegetables,0.3,1200,2000,1600,12-May-19
Madhya Pradesh,Narsinghpur,Gadarwada,Other,Vegetables,0.3,1200,1800,1500,10-May-19
Madhya Pradesh,Narsinghpur,Gadarwada,Other,Vegetables,0.1,900,1050,1000,09-May-19
Madhya Pradesh,Narsinghpur,Gadarwada,Other,Vegetables,0.6,1500,2000,1750,08-May-19
Madhya Pradesh,Narsinghpur,Gadarwada,Other,Vegetables,0.1,1800,1800,1800,06-May-19
Madhya Pradesh,Narsinghpur,Gadarwada,Other,Vegetables,0.1,3000,3000,3000,05-May-19
Madhya Pradesh,Narsinghpur,Gadarwada,Other,Vegetables,0.4,1500,4000,2750,04-May-19
Madhya Pradesh,Narsinghpur,Gadarwada,Other,Vegetables,0.2,1500,3600,2550,03-May-19
Madhya Pradesh,Narsinghpur,Gadarwada,Other,Vegetables,0.1,4000,4000,4000,02-May-19
Madhya Pradesh,Narsinghpur,Gadarwada,Other,Vegetables,0.3,2000,2000,2000,01-May-19
Madhya Pradesh,Narsinghpur,Gadarwada,Other,Vegetables,0.1,4000,5000,4000,29-Apr-19
Madhya Pradesh,Narsinghpur,Gadarwada,Other,Vegetables,0.1,2500,2500,2500,28-Apr-19
Madhya Pradesh,Narsinghpur,Gadarwada,Other,Vegetables,0.2,2000,2000,2000,26-Apr-19
Madhya Pradesh,Narsinghpur,Gadarwada,Other,Vegetables,0.2,2000,4500,3250,25-Apr-19
Madhya Pradesh,Narsinghpur,Gadarwada,Other,Vegetables,0.1,3800,3800,3800,24-Apr-19
Madhya Pradesh,Narsinghpur,Gadarwada,Other,Vegetables,0.1,2500,2500,2500,21-Apr-19
Madhya Pradesh,Narsinghpur,Gadarwada,Other,Vegetables,0.3,3000,4000,3500,20-Apr-19
Madhya Pradesh,Narsinghpur,Gadarwada,Other,Vegetables,0.3,2000,4000,3000,18-Apr-19
Madhya Pradesh,Narsinghpur,Gadarwada,Other,Vegetables,0.1,4000,4000,4000,17-Apr-19
Madhya Pradesh,Narsinghpur,Gadarwada,Other,Vegetables,0.3,1500,2000,1750,15-Apr-19
Madhya Pradesh,Narsinghpur,Gadarwada,Other,Vegetables,0.1,3000,3000,3000,14-Apr-19
Madhya Pradesh,Narsinghpur,Gadarwada,Other,Vegetables,0.1,3000,3000,3000,13-Apr-19
Madhya Pradesh,Narsinghpur,Gadarwada,Other,Vegetables,0.1,4500,4500,4500,10-Apr-19
Madhya Pradesh,Narsinghpur,Gadarwada,Other,Vegetables,0.2,4500,4500,4500,08-Apr-19
Madhya Pradesh,Narsinghpur,Gadarwada,Other,Vegetables,0.1,3600,3600,3600,22-Mar-19
Madhya Pradesh,Narsinghpur,Gadarwada,Other,Vegetables,0.1,3600,3600,3600,20-Mar-19
Madhya Pradesh,Narsinghpur,Gadarwada,Other,Vegetables,0.1,3000,3000,3000,18-Mar-19
Madhya Pradesh,Narsinghpur,Gadarwada,Other,Vegetables,0.3,2000,4500,3250,16-Mar-19
Madhya Pradesh,Narsinghpur,Gadarwada,Other,Vegetables,0.2,2000,2500,2250,15-Mar-19
Madhya Pradesh,Narsinghpur,Gadarwada,Other,Vegetables,0.2,2000,2500,2250,14-Mar-19
Madhya Pradesh,Narsinghpur,Gadarwada,Other,Vegetables,0.1,3300,3300,3300,11-Mar-19
Madhya Pradesh,Narsinghpur,Gadarwada,Other,Vegetables,0.1,3200,3200,3200,10-Mar-19
Madhya Pradesh,Katni,Katni(F&V),Other,Vegetables,0.5,1000,1000,1000,13-Dec-23
Madhya Pradesh,Katni,Katni(F&V),Other,Vegetables,0.3,1000,1000,1000,12-Nov-23
Madhya Pradesh,Katni,Katni(F&V),Other,Vegetables,0.2,1500,2000,2000,10-Nov-23
Madhya Pradesh,Katni,Katni(F&V),Other,Vegetables,0.2,1000,1000,1000,09-Nov-23
Madhya Pradesh,Katni,Katni(F&V),Other,Vegetables,0.4,1000,2000,1000,08-Nov-23
Madhya Pradesh,Katni,Katni(F&V),Other,Vegetables,0.1,1200,1200,1200,06-Nov-23
Madhya Pradesh,Katni,Katni(F&V),Other,Vegetables,0.45,1000,1000,1000,05-Nov-23
Madhya Pradesh,Katni,Katni(F&V),Other,Vegetables,0.2,1000,1000,1000,04-Nov-23
Madhya Pradesh,Katni,Katni(F&V),Other,Vegetables,0.3,1000,1000,1000,03-Nov-23
Madhya Pradesh,Katni,Katni(F&V),Other,Vegetables,0.3,1000,1000,1000,02-Nov-23
Madhya Pradesh,Katni,Katni(F&V),Other,Vegetables,0.1,1000,1000,1000,29-Oct-23
Madhya Pradesh,Katni,Katni(F&V),Other,Vegetables,0.1,1000,1000,1000,28-Oct-23
Madhya Pradesh,Katni,Katni(F&V),Other,Vegetables,0.1,2000,2000,2000,27-Oct-23
Madhya Pradesh,Katni,Katni(F&V),Other,Vegetables,0.1,1000,1000,1000,26-Oct-23
Madhya Pradesh,Katni,Katni(F&V),Other,Vegetables,0.1,1500,1500,1500,22-Oct-23
Madhya Pradesh,Katni,Katni(F&V),Other,Vegetables,0.2,1000,1000,1000,21-Oct-23
Madhya Pradesh,Katni,Katni(F&V),Other,Vegetables,0.3,1000,1500,1000,18-Oct-23
Madhya Pradesh,Katni,Katni(F&V),Other,Vegetables,0.2,1200,2000,2000,16-Oct-23
Madhya Pradesh,Katni,Katni(F&V),Other,Vegetables,0.1,1500,1500,1500,15-Oct-23
Madhya Pradesh,Katni,Katni(F&V),Other,Vegetables,0.2,1000,2000,1000,13-Oct-23
Madhya Pradesh,Katni,Katni(F&V),Other,Vegetables,0.1,1500,1500,1500,12-Oct-23
Madhya Pradesh,Katni,Katni(F&V),Other,Vegetables,0.2,1000,1000,1000,01-Oct-23
Madhya Pradesh,Katni,Katni(F&V),Other,Vegetables,0.2,1000,1000,1000,30-Sep-23
Madhya Pradesh,Katni,Katni(F&V),Other,Vegetables,0.3,1000,1000,1000,29-Sep-23
Madhya Pradesh,Katni,Katni(F&V),Other,Vegetables,0.1,2000,2000,2000,27-Sep-23
Madhya Pradesh,Katni,Katni(F&V),Other,Vegetables,0.15,1000,1000,1000,25-Sep-23
Madhya Pradesh,Katni,Katni(F&V),Other,Vegetables,0.45,1000,2000,1000,23-Sep-23
Madhya Pradesh,Katni,Katni(F&V),Other,Vegetables,0.35,1000,2000,1000,16-Sep-23
Madhya Pradesh,Katni,Katni(F&V),Other,Vegetables,0.05,2000,2000,2000,15-Sep-23
Madhya Pradesh,Katni,Katni(F&V),Other,Vegetables,0.3,500,1000,500,14-Sep-23
Madhya Pradesh,Katni,Katni(F&V),Other,Vegetables,0.05,500,500,500,13-Sep-23
Madhya Pradesh,Katni,Katni(F&V),Other,Vegetables,0.5,400,1000,400,09-Sep-23
Madhya Pradesh,Katni,Katni(F&V),Other,Vegetables,0.4,500,500,500,08-Sep-23
Madhya Pradesh,Katni,Katni(F&V),Other,Vegetables,0.7,500,500,500,07-Sep-23
Madhya Pradesh,Katni,Katni(F&V),Other,Vegetables,0.55,500,1000,1000,06-Sep-23
Madhya Pradesh,Katni,Katni(F&V),Other,Vegetables,1.45,500,1000,600,02-Sep-23
Madhya Pradesh,Katni,Katni(F&V),Other,Vegetables,0.35,1000,2000,2000,29-Aug-23
Madhya Pradesh,Katni,Katni(F&V),Other,Vegetables,0.4,1000,1200,1000,28-Aug-23
Madhya Pradesh,Katni,Katni(F&V),Other,Vegetables,0.2,1000,1000,1000,27-Aug-23
Madhya Pradesh,Katni,Katni(F&V),Other,Vegetables,0.15,1000,1500,1500,26-Aug-23
Madhya Pradesh,Katni,Katni(F&V),Other,Vegetables,0.2,1000,1500,1500,24-Aug-23
Madhya Pradesh,Katni,Katni(F&V),Other,Vegetables,0.3,1000,1000,1000,23-Aug-23
Madhya Pradesh,Katni,Katni(F&V),Other,Vegetables,0.1,1500,1500,1500,22-Aug-23
Madhya Pradesh,Katni,Katni(F&V),Other,Vegetables,0.4,1000,1000,1000,21-Aug-23
Madhya Pradesh,Katni,Katni(F&V),Other,Vegetables,0.45,1000,2000,1500,20-Aug-23
Madhya Pradesh,Katni,Katni(F&V),Other,Vegetables,1.1,500,2000,1000,19-Aug-23
Madhya Pradesh,Katni,Katni(F&V),Other,Vegetables,0.55,1000,2000,1500,18-Aug-23
Madhya Pradesh,Katni,Katni(F&V),Other,Vegetables,0.65,1500,2000,2000,17-Aug-23
Madhya Pradesh,Katni,Katni(F&V),Other,Vegetables,0.65,1000,2000,2000,16-Aug-23
Madhya Pradesh,Katni,Katni(F&V),Other,Vegetables,0.45,1000,2200,2000,15-Aug-23
Madhya Pradesh,Katni,Katni(F&V),Other,Vegetables,0.6,1000,2000,2000,14-Aug-23
Madhya Pradesh,Katni,Katni(F&V),Other,Vegetables,0.3,1000,1500,1000,13-Aug-23
Madhya Pradesh,Katni,Katni(F&V),Other,Vegetables,0.65,1000,2000,1000,12-Aug-23
Madhya Pradesh,Katni,Katni(F&V),Other,Vegetables,0.6,1000,3000,2000,11-Aug-23
Madhya Pradesh,Katni,Katni(F&V),Other,Vegetables,0.1,1000,2500,2500,10-Aug-23
Madhya Pradesh,Katni,Katni(F&V),Other,Vegetables,0.2,1000,1000,1000,09-Aug-23
Madhya Pradesh,Katni,Katni(F&V),Other,Vegetables,0.2,1000,1000,1000,06-Aug-23
Madhya Pradesh,Katni,Katni(F&V),Other,Vegetables,0.05,1000,1000,1000,05-Aug-23
Madhya Pradesh,Katni,Katni(F&V),Other,Vegetables,0.1,1000,1000,1000,04-Aug-23
Madhya Pradesh,Katni,Katni(F&V),Other,Vegetables,0.2,1500,2000,2000,03-Aug-23
Madhya Pradesh,Katni,Katni(F&V),Other,Vegetables,0.05,2000,2000,2000,31-Jul-23
Madhya Pradesh,Katni,Katni(F&V),Other,Vegetables,0.15,1000,1500,1000,30-Jul-23
Madhya Pradesh,Katni,Katni(F&V),Other,Vegetables,0.05,1000,1000,1000,29-Jul-23
Madhya Pradesh,Katni,Katni(F&V),Other,Vegetables,0.1,1500,1500,1500,28-Jul-23
Madhya Pradesh,Katni,Katni(F&V),Other,Vegetables,0.3,1200,1200,1200,27-Jul-23
Madhya Pradesh,Katni,Katni(F&V),Other,Vegetables,0.35,1000,1600,1500,26-Jul-23
Madhya Pradesh,Katni,Katni(F&V),Other,Vegetables,0.15,1500,2000,1500,25-Jul-23
Madhya Pradesh,Katni,Katni(F&V),Other,Vegetables,0.6,1000,2000,1500,23-Jul-23
Madhya Pradesh,Katni,Katni(F&V),Other,Vegetables,0.55,1200,1500,1500,22-Jul-23
Madhya Pradesh,Katni,Katni(F&V),Other,Vegetables,0.3,1200,1500,1500,21-Jul-23
Madhya Pradesh,Katni,Katni(F&V),Other,Vegetables,0.7,1500,2000,2000,20-Jul-23
Madhya Pradesh,Seoni,Seoni,Cowpea (Veg),Vegetables,0.32,700,750,720,20-Dec-23
Madhya Pradesh,Seoni,Seoni,Cowpea (Veg),Vegetables,0.46,700,800,750,19-Dec-23
Madhya Pradesh,Seoni,Seoni,Cowpea (Veg),Vegetables,0.46,700,800,740,18-Dec-23
Madhya Pradesh,Seoni,Seoni,Cowpea (Veg),Vegetables,0.46,700,800,750,16-Dec-23
Madhya Pradesh,Seoni,Seoni,Cowpea (Veg),Vegetables,0.46,700,800,760,15-Dec-23
Madhya Pradesh,Seoni,Seoni,Cowpea (Veg),Vegetables,0.4,700,800,750,14-Dec-23
Madhya Pradesh,Seoni,Seoni,Cowpea (Veg),Vegetables,0.3,700,800,720,13-Dec-23
Madhya Pradesh,Seoni,Seoni,Cowpea (Veg),Vegetables,0.26,700,800,750,12-Dec-23
Madhya Pradesh,Seoni,Seoni,Cowpea (Veg),Vegetables,0.44,700,800,760,11-Dec-23
Madhya Pradesh,Seoni,Seoni,Cowpea (Veg),Vegetables,0.1,700,800,750,09-Dec-23
Madhya Pradesh,Seoni,Seoni,Cowpea (Veg),Vegetables,0.54,700,800,760,08-Dec-23
Madhya Pradesh,Seoni,Seoni,Cowpea (Veg),Vegetables,0.2,750,850,800,06-Dec-23
Madhya Pradesh,Seoni,Seoni,Cowpea (Veg),Vegetables,0.18,1400,1500,1450,05-Dec-23
Madhya Pradesh,Seoni,Seoni,Cowpea (Veg),Vegetables,0.62,1400,1600,1500,04-Dec-23
Madhya Pradesh,Seoni,Seoni,Cowpea (Veg),Vegetables,0.48,1300,1500,1400,02-Dec-23
Madhya Pradesh,Seoni,Seoni,Cowpea (Veg),Vegetables,0.12,1300,1500,1400,29-Nov-23
Madhya Pradesh,Seoni,Seoni,Cowpea (Veg),Vegetables,0.1,1300,1400,1350,28-Nov-23
Madhya Pradesh,Seoni,Seoni,Cowpea (Veg),Vegetables,0.04,1300,1500,1400,27-Nov-23
Madhya Pradesh,Seoni,Seoni,Cowpea (Veg),Vegetables,0.24,1200,1600,1400,24-Nov-23
Madhya Pradesh,Seoni,Seoni,Cowpea (Veg),Vegetables,0.12,1100,1300,1200,23-Nov-23
Madhya Pradesh,Seoni,Seoni,Cowpea (Veg),Vegetables,0.26,1100,1200,1150,22-Nov-23
Madhya Pradesh,Seoni,Seoni,Cowpea (Veg),Vegetables,0.12,1000,1200,1100,21-Nov-23
Madhya Pradesh,Seoni,Seoni,Cowpea (Veg),Vegetables,0.26,1100,1200,1150,20-Nov-23
Madhya Pradesh,Seoni,Seoni,Cowpea (Veg),Vegetables,0.64,1000,1100,1050,19-Nov-23
Madhya Pradesh,Seoni,Seoni,Cowpea (Veg),Vegetables,0.3,1050,1150,1100,18-Nov-23
Madhya Pradesh,Seoni,Seoni,Cowpea (Veg),Vegetables,0.06,1000,1200,1100,17-Nov-23
Madhya Pradesh,Seoni,Seoni,Cowpea (Veg),Vegetables,0.34,950,1050,1000,14-Nov-23
Madhya Pradesh,Seoni,Seoni,Cowpea (Veg),Vegetables,0.16,1200,1300,1250,13-Nov-23
Madhya Pradesh,Seoni,Seoni,Cowpea (Veg),Vegetables,0.46,1100,1300,1200,11-Nov-23
Madhya Pradesh,Seoni,Seoni,Cowpea (Veg),Vegetables,0.28,1200,1400,1300,10-Nov-23
Madhya Pradesh,Seoni,Seoni,Cowpea (Veg),Vegetables,0.3,1200,1300,1250,09-Nov-23
Madhya Pradesh,Seoni,Seoni,Cowpea (Veg),Vegetables,0.1,1200,1400,1300,08-Nov-23
Madhya Pradesh,Seoni,Seoni,Cowpea (Veg),Vegetables,0.3,1100,1300,1200,07-Nov-23
Madhya Pradesh,Seoni,Seoni,Cowpea (Veg),Vegetables,0.8,1200,1400,1300,06-Nov-23
Madhya Pradesh,Seoni,Seoni,Cowpea (Veg),Vegetables,1.06,1200,1300,1250,04-Nov-23
Madhya Pradesh,Seoni,Seoni,Cowpea (Veg),Vegetables,0.38,1100,1400,1200,03-Nov-23
Madhya Pradesh,Seoni,Seoni,Cowpea (Veg),Vegetables,0.24,1100,1400,1250,02-Nov-23
Madhya Pradesh,Seoni,Seoni,Cowpea (Veg),Vegetables,0.2,1100,1300,1200,01-Nov-23
Madhya Pradesh,Seoni,Seoni,Cowpea (Veg),Vegetables,0.92,1000,1300,1150,31-Oct-23
Madhya Pradesh,Seoni,Seoni,Cowpea (Veg),Vegetables,0.56,1000,1400,1200,28-Oct-23
Madhya Pradesh,Seoni,Seoni,Cowpea (Veg),Vegetables,0.7,1000,1500,1250,27-Oct-23
Madhya Pradesh,Seoni,Seoni,Cowpea (Veg),Vegetables,0.82,1000,1400,1200,26-Oct-23
Madhya Pradesh,Seoni,Seoni,Cowpea (Veg),Vegetables,0.44,1200,1600,1400,25-Oct-23
Madhya Pradesh,Seoni,Seoni,Cowpea (Veg),Vegetables,0.62,1400,1600,1500,24-Oct-23
Madhya Pradesh,Seoni,Seoni,Cowpea (Veg),Vegetables,0.42,1000,1400,1200,21-Oct-23
Madhya Pradesh,Seoni,Seoni,Cowpea (Veg),Vegetables,1.04,1400,1600,1500,20-Oct-23
Madhya Pradesh,Seoni,Seoni,Cowpea (Veg),Vegetables,0.64,1300,1500,1400,19-Oct-23
Madhya Pradesh,Seoni,Seoni,Cowpea (Veg),Vegetables,0.56,1200,1600,1400,18-Oct-23
Madhya Pradesh,Seoni,Seoni,Cowpea (Veg),Vegetables,0.72,1200,1600,1400,17-Oct-23
Madhya Pradesh,Seoni,Seoni,Cowpea (Veg),Vegetables,0.74,1200,1600,1400,16-Oct-23
Madhya Pradesh,Seoni,Seoni,Cowpea (Veg),Vegetables,0.5,1200,1600,1400,14-Oct-23
Madhya Pradesh,Seoni,Seoni,Cowpea (Veg),Vegetables,0.54,1000,1200,1100,13-Oct-23
Madhya Pradesh,Seoni,Seoni,Cowpea (Veg),Vegetables,0.84,1100,1300,1200,12-Oct-23
Madhya Pradesh,Seoni,Seoni,Cowpea (Veg),Vegetables,0.9,900,1100,1000,11-Oct-23
Madhya Pradesh,Seoni,Seoni,Cowpea (Veg),Vegetables,0.58,1000,1200,1100,10-Oct-23
Madhya Pradesh,Seoni,Seoni,Cowpea (Veg),Vegetables,0.72,1000,1400,1200,09-Oct-23
Madhya Pradesh,Seoni,Seoni,Cowpea (Veg),Vegetables,0.44,1000,1400,1200,07-Oct-23
Madhya Pradesh,Seoni,Seoni,Cowpea (Veg),Vegetables,0.4,1050,1350,1200,06-Oct-23
Madhya Pradesh,Seoni,Seoni,Cowpea (Veg),Vegetables,0.58,1000,1400,1200,05-Oct-23
Madhya Pradesh,Seoni,Seoni,Cowpea (Veg),Vegetables,0.8,1100,1300,1200,04-Oct-23
Madhya Pradesh,Seoni,Seoni,Cowpea (Veg),Vegetables,0.82,1000,1200,1100,03-Oct-23
Madhya Pradesh,Seoni,Seoni,Cowpea (Veg),Vegetables,0.48,700,900,800,26-Sep-23
Madhya Pradesh,Seoni,Seoni,Cowpea (Veg),Vegetables,0.62,650,750,700,25-Sep-23
Madhya Pradesh,Seoni,Seoni,Cowpea (Veg),Vegetables,0.82,750,850,800,23-Sep-23
Madhya Pradesh,Seoni,Seoni,Cowpea (Veg),Vegetables,0.54,550,650,600,22-Sep-23
Madhya Pradesh,Seoni,Seoni,Cowpea (Veg),Vegetables,0.58,550,650,600,21-Sep-23
Madhya Pradesh,Seoni,Seoni,Cowpea (Veg),Vegetables,0.86,700,900,800,15-Sep-23
Madhya Pradesh,Seoni,Seoni,Cowpea (Veg),Vegetables,0.28,900,1100,1000,13-Sep-23
Madhya Pradesh,Seoni,Seoni,Cowpea (Veg),Vegetables,0.72,900,1000,950,12-Sep-23
Madhya Pradesh,Seoni,Seoni,Cowpea (Veg),Vegetables,0.56,800,1000,900,11-Sep-23
Madhya Pradesh,Seoni,Seoni,Cowpea (Veg),Vegetables,0.7,1000,1200,1100,09-Sep-23
Madhya Pradesh,Seoni,Seoni,Cowpea (Veg),Vegetables,0.7,900,1100,1000,08-Sep-23
Madhya Pradesh,Seoni,Seoni,Cowpea (Veg),Vegetables,0.6,600,700,650,07-Sep-23
Madhya Pradesh,Seoni,Seoni,Cowpea (Veg),Vegetables,0.46,950,1050,1000,05-Sep-23
Madhya Pradesh,Seoni,Seoni,Cowpea (Veg),Vegetables,0.78,900,1100,1000,04-Sep-23
Madhya Pradesh,Seoni,Seoni,Cowpea (Veg),Vegetables,0.44,1500,1700,1600,01-Sep-23
Madhya Pradesh,Seoni,Seoni,Cowpea (Veg),Vegetables,0.4,1700,1900,1800,31-Aug-23
Madhya Pradesh,Seoni,Seoni,Cowpea (Veg),Vegetables,0.42,1700,1900,1800,30-Aug-23
Madhya Pradesh,Seoni,Seoni,Cowpea (Veg),Vegetables,0.5,1800,2000,1900,28-Aug-23
Madhya Pradesh,Mandsaur,Shamgarh(F&V),Other,Vegetables,0.13,500,750,600,16-Nov-18
Madhya Pradesh,Mandsaur,Shamgarh(F&V),Other,Vegetables,0.1,650,850,750,16-Jul-18
Madhya Pradesh,Mandsaur,Shamgarh(F&V),Other,Vegetables,0.12,700,900,800,19-May-18
Madhya Pradesh,Mandsaur,Shamgarh(F&V),Other,Vegetables,0.14,900,1100,1000,12-Apr-18
