Both Price And Arrival from 01-Jan-2018 To 31-Dec-2023 Total Arrival- 12511.80,,,,,,,,,
State Name,District Name,Market Name,Variety,Group,Arrivals (Tonnes),Min Price (Rs./Quintal),Max Price (Rs./Quintal),Modal Price (Rs./Quintal),Reported Date
Madhya Pradesh,Badwani,Badwani,Drumstick,Vegetables,0.05,2900,2900,2900,04-Sep-23
Madhya Pradesh,Badwani,Badwani,Drumstick,Vegetables,0.06,2500,2500,2500,31-Aug-23
Madhya Pradesh,Badwani,Badwani,Drumstick,Vegetables,0.07,2700,2700,2700,28-Aug-23
Madhya Pradesh,Badwani,Badwani,Drumstick,Vegetables,0.06,2500,2500,2500,18-Aug-23
Madhya Pradesh,Badwani,Badwani,Drumstick,Vegetables,0.1,2400,2400,2400,13-Aug-23
Madhya Pradesh,Badwani,Badwani,Drumstick,Vegetables,0.06,2800,2800,2800,03-Aug-23
Madhya Pradesh,Badwani,Badwani,Drumstick,Vegetables,0.06,2000,2000,2000,06-Jul-23
Madhya Pradesh,Badwani,Badwani,Drumstick,Vegetables,0.1,1500,1500,1500,02-Jul-23
Madhya Pradesh,Badwani,Badwani,Drumstick,Vegetables,0.1,1700,1700,1700,30-Jun-23
Madhya Pradesh,Badwani,Badwani,Drumstick,Vegetables,0.08,1800,1800,1800,29-Jun-23
Madhya Pradesh,Badwani,Badwani,Drumstick,Vegetables,0.07,2000,2000,2000,27-Jun-23
Madhya Pradesh,Badwani,Badwani,Drumstick,Vegetables,0.07,2600,2600,2600,23-Jun-23
Madhya Pradesh,Badwani,Badwani,Drumstick,Vegetables,0.11,1500,1500,1500,18-Jun-23
Madhya Pradesh,Badwani,Badwani,Drumstick,Vegetables,0.12,1000,1000,1000,16-Jun-23
Madhya Pradesh,Badwani,Badwani,Drumstick,Vegetables,0.07,1500,1500,1500,14-Jun-23
Madhya Pradesh,Badwani,Badwani,Drumstick,Vegetables,0.21,800,800,800,17-May-23
Madhya Pradesh,Badwani,Badwani,Drumstick,Vegetables,0.06,1800,1800,1800,06-May-23
Madhya Pradesh,Badwani,Badwani,Drumstick,Vegetables,0.11,1800,1800,1800,01-May-23
Madhya Pradesh,Badwani,Badwani,Drumstick,Vegetables,0.13,1300,1300,1300,30-Apr-23
Madhya Pradesh,Badwani,Badwani,Drumstick,Vegetables,0.07,1600,1600,1600,27-Apr-23
Madhya Pradesh,Badwani,Badwani,Drumstick,Vegetables,0.06,1800,1800,1800,26-Apr-23
Madhya Pradesh,Badwani,Badwani,Drumstick,Vegetables,0.09,1800,1800,1800,25-Apr-23
Madhya Pradesh,Badwani,Badwani,Drumstick,Vegetables,0.08,1700,1700,1700,24-Apr-23
Madhya Pradesh,Badwani,Badwani,Drumstick,Vegetables,0.11,1500,1500,1500,23-Apr-23
Madhya Pradesh,Badwani,Badwani,Drumstick,Vegetables,0.07,1900,1900,1900,22-Apr-23
Madhya Pradesh,Badwani,Badwani,Drumstick,Vegetables,0.07,2300,2300,2300,21-Apr-23
Madhya Pradesh,Badwani,Badwani,Drumstick,Vegetables,0.11,1400,1400,1400,18-Apr-23
Madhya Pradesh,Badwani,Badwani,Drumstick,Vegetables,0.07,1700,1700,1700,17-Apr-23
Madhya Pradesh,Badwani,Badwani,Drumstick,Vegetables,0.07,2400,2400,2400,15-Apr-23
Madhya Pradesh,Badwani,Badwani,Drumstick,Vegetables,0.07,1650,1650,1650,14-Apr-23
Madhya Pradesh,Badwani,Badwani,Drumstick,Vegetables,0.07,1800,1800,1800,13-Apr-23
Madhya Pradesh,Badwani,Badwani,Drumstick,Vegetables,0.08,1800,1800,1800,10-Apr-23
Madhya Pradesh,Badwani,Badwani,Drumstick,Vegetables,0.09,1600,1600,1600,08-Apr-23
Madhya Pradesh,Badwani,Badwani,Drumstick,Vegetables,0.07,2100,2100,2100,06-Apr-23
Madhya Pradesh,Badwani,Badwani,Drumstick,Vegetables,0.07,1800,1800,1800,02-Apr-23
Madhya Pradesh,Badwani,Badwani,Drumstick,Vegetables,0.05,2200,2200,2200,27-Mar-23
Madhya Pradesh,Badwani,Badwani,Drumstick,Vegetables,0.06,2200,2200,2200,18-Mar-23
Madhya Pradesh,Badwani,Badwani,Drumstick,Vegetables,0.07,1300,1300,1300,17-Mar-23
Madhya Pradesh,Badwani,Badwani,Drumstick,Vegetables,0.07,2200,2200,2200,16-Mar-23
Madhya Pradesh,Badwani,Badwani,Drumstick,Vegetables,0.11,1500,1500,1500,15-Mar-23
Madhya Pradesh,Badwani,Badwani,Drumstick,Vegetables,0.07,1300,1300,1300,14-Mar-23
Madhya Pradesh,Badwani,Badwani,Drumstick,Vegetables,0.07,1400,1400,1400,13-Mar-23
Madhya Pradesh,Badwani,Badwani,Drumstick,Vegetables,0.08,1600,1600,1600,08-Mar-23
Madhya Pradesh,Badwani,Badwani,Drumstick,Vegetables,0.12,1600,1600,1600,05-Mar-23
Madhya Pradesh,Badwani,Badwani,Drumstick,Vegetables,0.11,1900,1900,1900,04-Mar-23
Madhya Pradesh,Badwani,Badwani,Drumstick,Vegetables,0.1,1700,1700,1700,03-Mar-23
Madhya Pradesh,Badwani,Badwani,Drumstick,Vegetables,0.08,1800,1800,1800,02-Mar-23
Madhya Pradesh,Badwani,Badwani,Drumstick,Vegetables,0.11,1200,1200,1200,27-Apr-22
Madhya Pradesh,Badwani,Badwani,Drumstick,Vegetables,0.13,1200,1200,1200,26-Apr-22
Madhya Pradesh,Badwani,Badwani,Drumstick,Vegetables,0.11,1500,1500,1500,21-Apr-22
Madhya Pradesh,Badwani,Badwani,Drumstick,Vegetables,0.09,1300,1300,1300,13-Apr-22
Madhya Pradesh,Badwani,Badwani,Drumstick,Vegetables,0.13,1250,1250,1250,10-Apr-22
Madhya Pradesh,Badwani,Badwani,Drumstick,Vegetables,0.08,1200,1200,1200,06-Apr-22
Madhya Pradesh,Badwani,Badwani,Drumstick,Vegetables,0.06,1050,1050,1050,03-Apr-22
Madhya Pradesh,Badwani,Badwani,Drumstick,Vegetables,0.07,1000,1000,1000,02-Apr-22
Madhya Pradesh,Bhopal,Bhopal(F&V),Drumstick,Vegetables,1.5,1000,3000,2000,17-Dec-23
Madhya Pradesh,Bhopal,Bhopal(F&V),Drumstick,Vegetables,2,1000,3000,2000,14-Dec-23
Madhya Pradesh,Bhopal,Bhopal(F&V),Drumstick,Vegetables,2,1000,3000,2000,13-Dec-23
Madhya Pradesh,Bhopal,Bhopal(F&V),Drumstick,Vegetables,2,1000,3000,2000,11-Dec-23
Madhya Pradesh,Bhopal,Bhopal(F&V),Drumstick,Vegetables,2,1000,3000,2000,08-Dec-23
Madhya Pradesh,Bhopal,Bhopal(F&V),Drumstick,Vegetables,2,1000,3000,2000,30-Nov-23
Madhya Pradesh,Bhopal,Bhopal(F&V),Drumstick,Vegetables,2.5,1000,3000,2000,29-Nov-23
Madhya Pradesh,Bhopal,Bhopal(F&V),Drumstick,Vegetables,5,2000,3000,2500,27-Nov-23
Madhya Pradesh,Bhopal,Bhopal(F&V),Drumstick,Vegetables,2,1500,3000,2000,20-Nov-23
Madhya Pradesh,Bhopal,Bhopal(F&V),Drumstick,Vegetables,2,1500,3000,2000,07-Nov-23
Madhya Pradesh,Bhopal,Bhopal(F&V),Drumstick,Vegetables,2,2000,3000,2500,02-Nov-23
Madhya Pradesh,Bhopal,Bhopal(F&V),Drumstick,Vegetables,2,1000,2500,1600,01-Nov-23
Madhya Pradesh,Bhopal,Bhopal(F&V),Drumstick,Vegetables,2,1500,3000,2000,31-Oct-23
Madhya Pradesh,Bhopal,Bhopal(F&V),Drumstick,Vegetables,1.1,1000,3000,2000,28-Oct-23
Madhya Pradesh,Bhopal,Bhopal(F&V),Drumstick,Vegetables,1,1000,3000,2000,18-Oct-23
Madhya Pradesh,Bhopal,Bhopal(F&V),Drumstick,Vegetables,1.5,1000,3000,2000,16-Oct-23
Madhya Pradesh,Bhopal,Bhopal(F&V),Drumstick,Vegetables,4,1000,2000,1500,05-Oct-23
Madhya Pradesh,Bhopal,Bhopal(F&V),Drumstick,Vegetables,3,1000,2000,1500,04-Oct-23
Madhya Pradesh,Bhopal,Bhopal(F&V),Drumstick,Vegetables,4,1000,2000,1500,26-Sep-23
Madhya Pradesh,Bhopal,Bhopal(F&V),Drumstick,Vegetables,6,1000,2000,1500,21-Sep-23
Madhya Pradesh,Bhopal,Bhopal(F&V),Drumstick,Vegetables,4,1000,2000,1500,19-Sep-23
Madhya Pradesh,Bhopal,Bhopal(F&V),Drumstick,Vegetables,3,1000,2000,1500,17-Sep-23
Madhya Pradesh,Bhopal,Bhopal(F&V),Drumstick,Vegetables,4,1000,2000,1500,11-Sep-23
Madhya Pradesh,Bhopal,Bhopal(F&V),Drumstick,Vegetables,5,1000,3000,2000,03-Sep-23
Madhya Pradesh,Bhopal,Bhopal(F&V),Drumstick,Vegetables,7,1000,2000,1500,01-Sep-23
Madhya Pradesh,Bhopal,Bhopal(F&V),Drumstick,Vegetables,4,1000,2500,1500,22-Aug-23
Madhya Pradesh,Bhopal,Bhopal(F&V),Drumstick,Vegetables,10,1000,2000,1500,27-Jul-23
Madhya Pradesh,Bhopal,Bhopal(F&V),Drumstick,Vegetables,1.5,1000,3000,2000,18-Jul-23
Madhya Pradesh,Bhopal,Bhopal(F&V),Drumstick,Vegetables,2,1000,3000,2000,14-Jul-23
Madhya Pradesh,Bhopal,Bhopal(F&V),Drumstick,Vegetables,2,1000,3000,2000,12-Jul-23
Madhya Pradesh,Bhopal,Bhopal(F&V),Drumstick,Vegetables,8,1000,3000,2000,11-Jul-23
Madhya Pradesh,Bhopal,Bhopal(F&V),Drumstick,Vegetables,4,1000,3000,2000,05-Jul-23
Madhya Pradesh,Bhopal,Bhopal(F&V),Drumstick,Vegetables,3,1000,3000,2000,30-Jun-23
Madhya Pradesh,Bhopal,Bhopal(F&V),Drumstick,Vegetables,2.5,1000,2500,1500,29-Jun-23
Madhya Pradesh,Bhopal,Bhopal(F&V),Drumstick,Vegetables,6,1000,2500,1500,25-Jun-23
Madhya Pradesh,Bhopal,Bhopal(F&V),Drumstick,Vegetables,2,1000,2000,1500,19-Jun-23
Madhya Pradesh,Bhopal,Bhopal(F&V),Drumstick,Vegetables,5,1000,1500,1200,18-Jun-23
Madhya Pradesh,Bhopal,Bhopal(F&V),Drumstick,Vegetables,8,1000,1500,1200,15-Jun-23
Madhya Pradesh,Bhopal,Bhopal(F&V),Drumstick,Vegetables,3,1000,2000,1500,08-Jun-23
Madhya Pradesh,Bhopal,Bhopal(F&V),Drumstick,Vegetables,3,1000,1500,1200,07-Jun-23
Madhya Pradesh,Bhopal,Bhopal(F&V),Drumstick,Vegetables,4,1000,2000,1500,06-Jun-23
Madhya Pradesh,Bhopal,Bhopal(F&V),Drumstick,Vegetables,2,1000,2000,1500,04-Jun-23
Madhya Pradesh,Bhopal,Bhopal(F&V),Drumstick,Vegetables,4,1000,1500,1200,02-Jun-23
Madhya Pradesh,Bhopal,Bhopal(F&V),Drumstick,Vegetables,6,1000,2000,1500,01-Jun-23
Madhya Pradesh,Bhopal,Bhopal(F&V),Drumstick,Vegetables,6,1000,2000,1500,31-May-23
Madhya Pradesh,Bhopal,Bhopal(F&V),Drumstick,Vegetables,7,1000,2000,1500,30-May-23
Madhya Pradesh,Bhopal,Bhopal(F&V),Drumstick,Vegetables,6,1000,2000,1500,29-May-23
Madhya Pradesh,Bhopal,Bhopal(F&V),Drumstick,Vegetables,6,1000,2500,1500,28-May-23
Madhya Pradesh,Bhopal,Bhopal(F&V),Drumstick,Vegetables,3,1000,2000,1500,26-May-23
Madhya Pradesh,Bhopal,Bhopal(F&V),Drumstick,Vegetables,4,1000,2000,1500,25-May-23
Madhya Pradesh,Bhopal,Bhopal(F&V),Drumstick,Vegetables,3.5,1500,2500,2000,22-May-23
Madhya Pradesh,Bhopal,Bhopal(F&V),Drumstick,Vegetables,8,1000,2500,2000,21-May-23
Madhya Pradesh,Bhopal,Bhopal(F&V),Drumstick,Vegetables,3,1000,2000,1500,18-May-23
Madhya Pradesh,Bhopal,Bhopal(F&V),Drumstick,Vegetables,4,1200,1800,1500,17-May-23
Madhya Pradesh,Bhopal,Bhopal(F&V),Drumstick,Vegetables,4,1000,2000,1500,15-May-23
Madhya Pradesh,Bhopal,Bhopal(F&V),Drumstick,Vegetables,3,1000,2000,1500,14-May-23
Madhya Pradesh,Bhopal,Bhopal(F&V),Drumstick,Vegetables,2,1000,2000,1500,12-May-23
Madhya Pradesh,Bhopal,Bhopal(F&V),Drumstick,Vegetables,12,1000,2000,1500,10-May-23
Madhya Pradesh,Bhopal,Bhopal(F&V),Drumstick,Vegetables,7,1000,2000,1500,03-May-23
Madhya Pradesh,Bhopal,Bhopal(F&V),Drumstick,Vegetables,14,1500,2500,2000,02-May-23
Madhya Pradesh,Bhopal,Bhopal(F&V),Drumstick,Vegetables,6,1000,2500,1500,01-May-23
Madhya Pradesh,Bhopal,Bhopal(F&V),Drumstick,Vegetables,3,1000,2500,1500,27-Apr-23
Madhya Pradesh,Bhopal,Bhopal(F&V),Drumstick,Vegetables,9,1500,2500,2000,26-Apr-23
Madhya Pradesh,Bhopal,Bhopal(F&V),Drumstick,Vegetables,7,1500,2500,2000,25-Apr-23
Madhya Pradesh,Bhopal,Bhopal(F&V),Drumstick,Vegetables,2,1500,2500,2000,21-Apr-23
Madhya Pradesh,Bhopal,Bhopal(F&V),Drumstick,Vegetables,6,1500,2500,2000,19-Apr-23
Madhya Pradesh,Bhopal,Bhopal(F&V),Drumstick,Vegetables,4,1500,2500,2000,17-Apr-23
Madhya Pradesh,Bhopal,Bhopal(F&V),Drumstick,Vegetables,4,1500,2500,2000,16-Apr-23
Madhya Pradesh,Bhopal,Bhopal(F&V),Drumstick,Vegetables,4,1500,2500,2000,09-Apr-23
Madhya Pradesh,Bhopal,Bhopal(F&V),Drumstick,Vegetables,8,1500,3000,2000,02-Apr-23
Madhya Pradesh,Bhopal,Bhopal(F&V),Drumstick,Vegetables,14,1500,3000,2000,31-Mar-23
Madhya Pradesh,Bhopal,Bhopal(F&V),Drumstick,Vegetables,3,1500,3000,2000,30-Mar-23
Madhya Pradesh,Bhopal,Bhopal(F&V),Drumstick,Vegetables,8,1500,2500,2000,29-Mar-23
Madhya Pradesh,Bhopal,Bhopal(F&V),Drumstick,Vegetables,9,1200,3000,2000,27-Mar-23
Madhya Pradesh,Bhopal,Bhopal(F&V),Drumstick,Vegetables,8,1500,2500,2000,26-Mar-23
Madhya Pradesh,Bhopal,Bhopal(F&V),Drumstick,Vegetables,3,1500,2500,2000,23-Mar-23
Madhya Pradesh,Bhopal,Bhopal(F&V),Drumstick,Vegetables,3,1500,2500,2000,22-Mar-23
Madhya Pradesh,Bhopal,Bhopal(F&V),Drumstick,Vegetables,9,1000,1500,1200,21-Mar-23
Madhya Pradesh,Bhopal,Bhopal(F&V),Drumstick,Vegetables,7.5,1000,2000,1500,20-Mar-23
Madhya Pradesh,Bhopal,Bhopal(F&V),Drumstick,Vegetables,6,1500,3000,2000,19-Mar-23
Madhya Pradesh,Bhopal,Bhopal(F&V),Drumstick,Vegetables,2,1500,2500,2000,17-Mar-23
Madhya Pradesh,Bhopal,Bhopal(F&V),Drumstick,Vegetables,7,1000,2000,1500,16-Mar-23
Madhya Pradesh,Bhopal,Bhopal(F&V),Drumstick,Vegetables,13,1000,2000,1500,15-Mar-23
Madhya Pradesh,Bhopal,Bhopal(F&V),Drumstick,Vegetables,8,1500,2500,2000,14-Mar-23
Madhya Pradesh,Bhopal,Bhopal(F&V),Drumstick,Vegetables,5,1000,2000,1500,13-Mar-23
Madhya Pradesh,Narsinghpur,Gadarwada,Other,Vegetables,0.1,1000,1000,1000,20-Apr-19
Madhya Pradesh,Narsinghpur,Gadarwada,Other,Vegetables,0.1,1500,1500,1500,12-Apr-19
Madhya Pradesh,Narsinghpur,Gadarwada,Other,Vegetables,0.2,1000,1000,1000,10-Apr-19
Madhya Pradesh,Narsinghpur,Gadarwada,Other,Vegetables,0.1,800,800,800,06-Apr-19
Madhya Pradesh,Narsinghpur,Gadarwada,Other,Vegetables,0.1,1400,1400,1400,03-Apr-19
Madhya Pradesh,Narsinghpur,Gadarwada,Other,Vegetables,0.1,2000,2000,2000,31-Mar-19
Madhya Pradesh,Narsinghpur,Gadarwada,Other,Vegetables,0.1,2500,2500,2500,30-Mar-19
Madhya Pradesh,Narsinghpur,Gadarwada,Other,Vegetables,0.1,2600,2600,2600,29-Mar-19
Madhya Pradesh,Narsinghpur,Gadarwada,Other,Vegetables,0.1,3000,3000,3000,28-Mar-19
Madhya Pradesh,Narsinghpur,Gadarwada,Other,Vegetables,0.3,2500,4000,3250,23-Mar-19
Madhya Pradesh,Narsinghpur,Gadarwada,Other,Vegetables,0.1,4000,4000,4000,22-Mar-19
Madhya Pradesh,Narsinghpur,Gadarwada,Other,Vegetables,0.1,4000,4000,4000,20-Mar-19
Madhya Pradesh,Narsinghpur,Gadarwada,Other,Vegetables,0.1,4000,4000,4000,18-Mar-19
Madhya Pradesh,Narsinghpur,Gadarwada,Other,Vegetables,0.3,3000,4000,3500,16-Mar-19
Madhya Pradesh,Narsinghpur,Gadarwada,Other,Vegetables,0.1,4300,4300,4300,14-Mar-19
Madhya Pradesh,Narsinghpur,Gadarwada,Other,Vegetables,0.1,4500,4500,4500,13-Mar-19
Madhya Pradesh,Narsinghpur,Gadarwada,Other,Vegetables,0.1,5000,5000,5000,11-Mar-19
Madhya Pradesh,Narsinghpur,Gadarwada,Other,Vegetables,0.3,3000,3400,3200,10-Mar-19
Madhya Pradesh,Narsinghpur,Gadarwada,Other,Vegetables,0.1,4000,4000,4000,09-Mar-19
Madhya Pradesh,Narsinghpur,Gadarwada,Other,Vegetables,0.2,3000,4000,3500,08-Mar-19
Madhya Pradesh,Narsinghpur,Gadarwada,Other,Vegetables,0.2,3000,6000,4000,07-Mar-19
Madhya Pradesh,Narsinghpur,Gadarwada,Other,Vegetables,0.1,1000,1000,1000,04-Mar-19
Madhya Pradesh,Harda,Harda(F&V),Drumstick,Vegetables,1,700,900,800,04-Apr-18
Madhya Pradesh,Harda,Harda(F&V),Drumstick,Vegetables,1,1000,1400,1200,30-Mar-18
Madhya Pradesh,Harda,Harda(F&V),Drumstick,Vegetables,1,1500,1900,1800,10-Mar-18
Madhya Pradesh,Harda,Harda(F&V),Drumstick,Vegetables,1,1900,2100,2000,09-Mar-18
Madhya Pradesh,Harda,Harda(F&V),Drumstick,Vegetables,1,1800,2000,1900,08-Mar-18
Madhya Pradesh,Harda,Harda(F&V),Drumstick,Vegetables,1,2000,2500,2200,07-Mar-18
Madhya Pradesh,Indore,Indore(F&V),Drumstick,Vegetables,75,1500,3500,2500,20-Dec-23
Madhya Pradesh,Indore,Indore(F&V),Drumstick,Vegetables,70,1500,3500,2500,19-Dec-23
Madhya Pradesh,Indore,Indore(F&V),Drumstick,Vegetables,105,1500,3500,2500,18-Dec-23
Madhya Pradesh,Indore,Indore(F&V),Drumstick,Vegetables,75,1500,3500,2500,16-Dec-23
Madhya Pradesh,Indore,Indore(F&V),Drumstick,Vegetables,50,1000,3000,2000,15-Dec-23
Madhya Pradesh,Indore,Indore(F&V),Drumstick,Vegetables,125,1500,3500,2500,14-Dec-23
Madhya Pradesh,Indore,Indore(F&V),Drumstick,Vegetables,130,1500,3500,2500,13-Dec-23
Madhya Pradesh,Indore,Indore(F&V),Drumstick,Vegetables,173,1500,4000,2500,12-Dec-23
Madhya Pradesh,Indore,Indore(F&V),Drumstick,Vegetables,215,1500,3500,2500,11-Dec-23
Madhya Pradesh,Indore,Indore(F&V),Drumstick,Vegetables,100,1500,4000,2500,10-Dec-23
Madhya Pradesh,Indore,Indore(F&V),Drumstick,Vegetables,162,1500,4000,2500,09-Dec-23
Madhya Pradesh,Indore,Indore(F&V),Drumstick,Vegetables,150,1500,4000,3000,08-Dec-23
Madhya Pradesh,Indore,Indore(F&V),Drumstick,Vegetables,140,2000,4000,3000,07-Dec-23
Madhya Pradesh,Indore,Indore(F&V),Drumstick,Vegetables,125,2000,4000,3000,06-Dec-23
Madhya Pradesh,Indore,Indore(F&V),Drumstick,Vegetables,70,1500,4000,3000,05-Dec-23
Madhya Pradesh,Indore,Indore(F&V),Drumstick,Vegetables,75,2000,4000,3000,04-Dec-23
Madhya Pradesh,Indore,Indore(F&V),Drumstick,Vegetables,100,3000,6000,4000,03-Dec-23
Madhya Pradesh,Indore,Indore(F&V),Drumstick,Vegetables,100,3000,6000,4000,30-Nov-23
Madhya Pradesh,Indore,Indore(F&V),Drumstick,Vegetables,100,3000,5000,4000,29-Nov-23
Madhya Pradesh,Indore,Indore(F&V),Drumstick,Vegetables,90,3000,6000,4000,26-Nov-23
Madhya Pradesh,Indore,Indore(F&V),Drumstick,Vegetables,100,4000,8000,6000,25-Nov-23
Madhya Pradesh,Indore,Indore(F&V),Drumstick,Vegetables,117,3000,6000,4000,22-Nov-23
Madhya Pradesh,Indore,Indore(F&V),Drumstick,Vegetables,202,2000,4000,3000,21-Nov-23
Madhya Pradesh,Indore,Indore(F&V),Drumstick,Vegetables,80,2000,5000,4000,20-Nov-23
Madhya Pradesh,Indore,Indore(F&V),Drumstick,Vegetables,124,3000,6000,4000,18-Nov-23
Madhya Pradesh,Indore,Indore(F&V),Drumstick,Vegetables,60,2000,5000,3000,16-Nov-23
Madhya Pradesh,Indore,Indore(F&V),Drumstick,Vegetables,40,3000,8000,5000,14-Nov-23
Madhya Pradesh,Indore,Indore(F&V),Drumstick,Vegetables,96,2000,4000,3000,10-Nov-23
Madhya Pradesh,Indore,Indore(F&V),Drumstick,Vegetables,55,2000,4000,3000,09-Nov-23
Madhya Pradesh,Indore,Indore(F&V),Drumstick,Vegetables,95,2000,5000,4000,07-Nov-23
Madhya Pradesh,Indore,Indore(F&V),Drumstick,Vegetables,40,3000,7000,5000,06-Nov-23
Madhya Pradesh,Indore,Indore(F&V),Drumstick,Vegetables,67,4000,8000,6000,04-Nov-23
Madhya Pradesh,Indore,Indore(F&V),Drumstick,Vegetables,42,3000,8000,5000,03-Nov-23
Madhya Pradesh,Indore,Indore(F&V),Drumstick,Vegetables,40,4000,8000,6000,02-Nov-23
Madhya Pradesh,Indore,Indore(F&V),Drumstick,Vegetables,40,4000,8000,6000,31-Oct-23
Madhya Pradesh,Indore,Indore(F&V),Drumstick,Vegetables,42,2000,4000,3000,30-Oct-23
Madhya Pradesh,Indore,Indore(F&V),Drumstick,Vegetables,22,1500,4000,2500,29-Oct-23
Madhya Pradesh,Indore,Indore(F&V),Drumstick,Vegetables,30,2000,4000,3000,28-Oct-23
Madhya Pradesh,Indore,Indore(F&V),Drumstick,Vegetables,28,1500,4000,2500,24-Oct-23
Madhya Pradesh,Indore,Indore(F&V),Drumstick,Vegetables,32,1500,3500,2500,22-Oct-23
Madhya Pradesh,Indore,Indore(F&V),Drumstick,Vegetables,40,2000,4000,3000,20-Oct-23
Madhya Pradesh,Indore,Indore(F&V),Drumstick,Vegetables,32,2000,5000,4000,19-Oct-23
Madhya Pradesh,Indore,Indore(F&V),Drumstick,Vegetables,42,2000,4000,3000,18-Oct-23
Madhya Pradesh,Indore,Indore(F&V),Drumstick,Vegetables,32,2000,4000,3000,17-Oct-23
Madhya Pradesh,Indore,Indore(F&V),Drumstick,Vegetables,60,1500,3000,2500,16-Oct-23
Madhya Pradesh,Indore,Indore(F&V),Drumstick,Vegetables,13,1500,3500,2500,15-Oct-23
Madhya Pradesh,Indore,Indore(F&V),Drumstick,Vegetables,32,1500,3500,2500,14-Oct-23
Madhya Pradesh,Indore,Indore(F&V),Drumstick,Vegetables,32,1500,3000,2500,12-Oct-23
Madhya Pradesh,Indore,Indore(F&V),Drumstick,Vegetables,32,1000,2500,2000,11-Oct-23
Madhya Pradesh,Indore,Indore(F&V),Drumstick,Vegetables,28,1000,3000,2000,10-Oct-23
Madhya Pradesh,Indore,Indore(F&V),Drumstick,Vegetables,24,1000,2500,2000,09-Oct-23
Madhya Pradesh,Indore,Indore(F&V),Drumstick,Vegetables,30,1500,3500,2500,08-Oct-23
Madhya Pradesh,Indore,Indore(F&V),Drumstick,Vegetables,47,1000,2500,2000,07-Oct-23
Madhya Pradesh,Indore,Indore(F&V),Drumstick,Vegetables,80,1500,3000,2500,05-Oct-23
Madhya Pradesh,Indore,Indore(F&V),Drumstick,Vegetables,74,1500,4000,3000,30-Sep-23
Madhya Pradesh,Indore,Indore(F&V),Drumstick,Vegetables,48,2000,4000,3000,28-Sep-23
Madhya Pradesh,Indore,Indore(F&V),Drumstick,Vegetables,35,2000,4000,3000,26-Sep-23
Madhya Pradesh,Indore,Indore(F&V),Drumstick,Vegetables,35,1500,2500,2000,16-Sep-23
Madhya Pradesh,Indore,Indore(F&V),Drumstick,Vegetables,35,1500,2500,2000,15-Sep-23
Madhya Pradesh,Indore,Indore(F&V),Drumstick,Vegetables,35,1500,3000,2500,14-Sep-23
Madhya Pradesh,Indore,Indore(F&V),Drumstick,Vegetables,30,2000,4000,3000,11-Sep-23
Madhya Pradesh,Indore,Indore(F&V),Drumstick,Vegetables,90,1000,2000,1600,10-Sep-23
Madhya Pradesh,Indore,Indore(F&V),Drumstick,Vegetables,298,1000,2500,2000,08-Sep-23
Madhya Pradesh,Indore,Indore(F&V),Drumstick,Vegetables,35,800,2000,1600,06-Sep-23
Madhya Pradesh,Indore,Indore(F&V),Drumstick,Vegetables,125,1000,2000,1600,05-Sep-23
Madhya Pradesh,Indore,Indore(F&V),Drumstick,Vegetables,160,1000,2000,1600,04-Sep-23
Madhya Pradesh,Indore,Indore(F&V),Drumstick,Vegetables,90,1500,3000,2500,28-Aug-23
Madhya Pradesh,Indore,Indore(F&V),Drumstick,Vegetables,40,1500,3000,2500,17-Aug-23
Madhya Pradesh,Indore,Indore(F&V),Drumstick,Vegetables,160,1500,3000,2500,14-Aug-23
Madhya Pradesh,Indore,Indore(F&V),Drumstick,Vegetables,35,1500,3000,2500,13-Aug-23
Madhya Pradesh,Indore,Indore(F&V),Drumstick,Vegetables,35,1000,2500,2000,11-Aug-23
Madhya Pradesh,Indore,Indore(F&V),Drumstick,Vegetables,40,1000,2500,2000,10-Aug-23
Madhya Pradesh,Indore,Indore(F&V),Drumstick,Vegetables,75,1000,2500,2000,08-Aug-23
Madhya Pradesh,Indore,Indore(F&V),Drumstick,Vegetables,18,1000,2000,1600,05-Aug-23
Madhya Pradesh,Indore,Indore(F&V),Drumstick,Vegetables,75,1500,3000,2500,03-Aug-23
Madhya Pradesh,Indore,Indore(F&V),Drumstick,Vegetables,60,1500,3000,2500,02-Aug-23
Madhya Pradesh,Indore,Indore(F&V),Drumstick,Vegetables,30,1500,3000,2500,24-Jul-23
Madhya Pradesh,Indore,Indore(F&V),Drumstick,Vegetables,36,2000,4000,3000,17-Jul-23
Madhya Pradesh,Indore,Indore(F&V),Drumstick,Vegetables,17,2000,6000,5000,15-Jul-23
Madhya Pradesh,Indore,Indore(F&V),Drumstick,Vegetables,14,2000,5000,3500,13-Jul-23
Madhya Pradesh,Indore,Indore(F&V),Drumstick,Vegetables,20,2000,5000,4000,11-Jul-23
Madhya Pradesh,Indore,Indore(F&V),Drumstick,Vegetables,35,2000,4000,3000,10-Jul-23
Madhya Pradesh,Indore,Indore(F&V),Drumstick,Vegetables,15,1000,3000,2000,08-Jul-23
Madhya Pradesh,Indore,Indore(F&V),Drumstick,Vegetables,35,1500,4000,2500,07-Jul-23
Madhya Pradesh,Indore,Indore(F&V),Drumstick,Vegetables,42,1500,4000,3000,06-Jul-23
Madhya Pradesh,Indore,Indore(F&V),Drumstick,Vegetables,85,2000,4000,3000,05-Jul-23
Madhya Pradesh,Indore,Indore(F&V),Drumstick,Vegetables,180,2000,4000,3000,04-Jul-23
Madhya Pradesh,Indore,Indore(F&V),Drumstick,Vegetables,94,1500,3000,2500,03-Jul-23
Madhya Pradesh,Indore,Indore(F&V),Drumstick,Vegetables,70,2000,4000,3000,02-Jul-23
Madhya Pradesh,Indore,Indore(F&V),Drumstick,Vegetables,80,1500,3500,3000,28-Jun-23
Madhya Pradesh,Indore,Indore(F&V),Drumstick,Vegetables,75,1500,3000,2500,27-Jun-23
Madhya Pradesh,Indore,Indore(F&V),Drumstick,Vegetables,117,1500,3000,2500,26-Jun-23
Madhya Pradesh,Indore,Indore(F&V),Drumstick,Vegetables,35,1500,3000,2500,25-Jun-23
Madhya Pradesh,Indore,Indore(F&V),Drumstick,Vegetables,85,1500,3000,2500,24-Jun-23
Madhya Pradesh,Indore,Indore(F&V),Drumstick,Vegetables,35,1500,3500,3000,23-Jun-23
Madhya Pradesh,Indore,Indore(F&V),Drumstick,Vegetables,90,1500,3000,2500,21-Jun-23
Madhya Pradesh,Indore,Indore(F&V),Drumstick,Vegetables,90,1500,3000,2500,19-Jun-23
Madhya Pradesh,Indore,Indore(F&V),Drumstick,Vegetables,85,1500,3000,2500,18-Jun-23
Madhya Pradesh,Indore,Indore(F&V),Drumstick,Vegetables,112,1500,3500,3000,17-Jun-23
Madhya Pradesh,Indore,Indore(F&V),Drumstick,Vegetables,110,1500,3500,3000,16-Jun-23
Madhya Pradesh,Indore,Indore(F&V),Drumstick,Vegetables,85,1500,3500,3000,15-Jun-23
Madhya Pradesh,Indore,Indore(F&V),Drumstick,Vegetables,45,1500,3500,3000,14-Jun-23
Madhya Pradesh,Indore,Indore(F&V),Drumstick,Vegetables,30,1500,3000,2500,09-Jun-23
Madhya Pradesh,Indore,Indore(F&V),Drumstick,Vegetables,35,1500,3000,2500,08-Jun-23
Madhya Pradesh,Indore,Indore(F&V),Drumstick,Vegetables,62,1500,3500,2500,07-Jun-23
Madhya Pradesh,Indore,Indore(F&V),Drumstick,Vegetables,32,1000,2500,2000,06-Jun-23
Madhya Pradesh,Indore,Indore(F&V),Drumstick,Vegetables,32,1000,2500,2000,05-Jun-23
Madhya Pradesh,Indore,Indore(F&V),Drumstick,Vegetables,32,1500,2500,2000,04-Jun-23
Madhya Pradesh,Indore,Indore(F&V),Drumstick,Vegetables,30,1000,2500,2000,02-Jun-23
Madhya Pradesh,Indore,Indore(F&V),Drumstick,Vegetables,55,1000,2500,2000,31-May-23
Madhya Pradesh,Indore,Indore(F&V),Drumstick,Vegetables,22,1000,2500,2000,30-May-23
Madhya Pradesh,Indore,Indore(F&V),Drumstick,Vegetables,30,1000,2500,2000,29-May-23
Madhya Pradesh,Indore,Indore(F&V),Drumstick,Vegetables,30,1000,2500,2000,27-May-23
Madhya Pradesh,Indore,Indore(F&V),Drumstick,Vegetables,65,1000,2500,2000,26-May-23
Madhya Pradesh,Indore,Indore(F&V),Drumstick,Vegetables,42,1000,2000,1600,25-May-23
Madhya Pradesh,Indore,Indore(F&V),Drumstick,Vegetables,30,1500,2500,2000,21-May-23
Madhya Pradesh,Indore,Indore(F&V),Drumstick,Vegetables,62,1500,2500,2000,20-May-23
Madhya Pradesh,Indore,Indore(F&V),Drumstick,Vegetables,35,1000,2500,2000,19-May-23
Madhya Pradesh,Indore,Indore(F&V),Drumstick,Vegetables,22,1000,2500,2000,18-May-23
Madhya Pradesh,Indore,Indore(F&V),Drumstick,Vegetables,80,1000,2000,1600,17-May-23
Madhya Pradesh,Indore,Indore(F&V),Drumstick,Vegetables,65,1000,2000,1600,16-May-23
Madhya Pradesh,Indore,Indore(F&V),Drumstick,Vegetables,117,1500,2500,2000,15-May-23
Madhya Pradesh,Indore,Indore(F&V),Drumstick,Vegetables,60,1500,2500,2000,14-May-23
Madhya Pradesh,Indore,Indore(F&V),Drumstick,Vegetables,35,1500,2500,2000,13-May-23
Madhya Pradesh,Indore,Indore(F&V),Drumstick,Vegetables,55,1000,2000,1600,12-May-23
Madhya Pradesh,Indore,Indore(F&V),Drumstick,Vegetables,85,1000,2000,1600,11-May-23
Madhya Pradesh,Indore,Indore(F&V),Drumstick,Vegetables,85,1000,2500,2000,10-May-23
Madhya Pradesh,Indore,Indore(F&V),Drumstick,Vegetables,42,1000,2500,2000,09-May-23
Madhya Pradesh,Indore,Indore(F&V),Drumstick,Vegetables,40,1000,2000,1600,08-May-23
Madhya Pradesh,Indore,Indore(F&V),Drumstick,Vegetables,40,1000,2000,1600,07-May-23
Madhya Pradesh,Indore,Indore(F&V),Drumstick,Vegetables,32,800,2000,1400,06-May-23
Madhya Pradesh,Indore,Indore(F&V),Drumstick,Vegetables,40,1000,1600,1200,05-May-23
Madhya Pradesh,Indore,Indore(F&V),Drumstick,Vegetables,40,1500,3000,2500,04-May-23
Madhya Pradesh,Indore,Indore(F&V),Drumstick,Vegetables,35,1000,2000,1800,30-Apr-23
Madhya Pradesh,Indore,Indore(F&V),Drumstick,Vegetables,72,1000,2000,1600,29-Apr-23
Madhya Pradesh,Indore,Indore(F&V),Drumstick,Vegetables,75,1000,2500,2000,28-Apr-23
Madhya Pradesh,Indore,Indore(F&V),Drumstick,Vegetables,35,1500,2500,2000,27-Apr-23
Madhya Pradesh,Indore,Indore(F&V),Drumstick,Vegetables,66,800,2000,1600,26-Apr-23
Madhya Pradesh,Indore,Indore(F&V),Drumstick,Vegetables,65,1000,2500,2000,25-Apr-23
Madhya Pradesh,Indore,Indore(F&V),Drumstick,Vegetables,40,1500,2500,2000,24-Apr-23
Madhya Pradesh,Indore,Indore(F&V),Drumstick,Vegetables,30,1000,2500,2000,23-Apr-23
Madhya Pradesh,Indore,Indore(F&V),Drumstick,Vegetables,35,1500,3000,2500,22-Apr-23
Madhya Pradesh,Indore,Indore(F&V),Drumstick,Vegetables,75,1000,2000,1600,21-Apr-23
Madhya Pradesh,Indore,Indore(F&V),Drumstick,Vegetables,40,800,1600,1200,20-Apr-23
Madhya Pradesh,Indore,Indore(F&V),Drumstick,Vegetables,90,800,1600,1200,19-Apr-23
Madhya Pradesh,Indore,Indore(F&V),Drumstick,Vegetables,75,1000,2000,1600,18-Apr-23
Madhya Pradesh,Indore,Indore(F&V),Drumstick,Vegetables,71,800,1600,1200,17-Apr-23
Madhya Pradesh,Indore,Indore(F&V),Drumstick,Vegetables,35,800,1500,1200,16-Apr-23
Madhya Pradesh,Indore,Indore(F&V),Drumstick,Vegetables,76,800,1600,1200,15-Apr-23
Madhya Pradesh,Indore,Indore(F&V),Drumstick,Vegetables,66,800,1600,1200,14-Apr-23
Madhya Pradesh,Indore,Indore(F&V),Drumstick,Vegetables,35,800,1600,1200,13-Apr-23
Madhya Pradesh,Indore,Indore(F&V),Drumstick,Vegetables,30,1000,2000,1600,12-Apr-23
Madhya Pradesh,Indore,Indore(F&V),Drumstick,Vegetables,35,1000,2000,1600,11-Apr-23
Madhya Pradesh,Indore,Indore(F&V),Drumstick,Vegetables,100,1000,2000,1600,10-Apr-23
Madhya Pradesh,Indore,Indore(F&V),Drumstick,Vegetables,112,600,1000,800,08-Apr-23
Madhya Pradesh,Indore,Indore(F&V),Drumstick,Vegetables,75,600,1000,800,07-Apr-23
Madhya Pradesh,Indore,Indore(F&V),Drumstick,Vegetables,60,800,2000,1400,06-Apr-23
Madhya Pradesh,Indore,Indore(F&V),Drumstick,Vegetables,75,1000,2000,1600,04-Apr-23
Madhya Pradesh,Indore,Indore(F&V),Drumstick,Vegetables,40,1500,2500,2000,03-Apr-23
Madhya Pradesh,Indore,Indore(F&V),Drumstick,Vegetables,85,1500,2500,2000,02-Apr-23
Madhya Pradesh,Indore,Indore(F&V),Drumstick,Vegetables,75,1500,3000,2500,31-Mar-23
Madhya Pradesh,Indore,Indore(F&V),Drumstick,Vegetables,35,1500,2500,2000,30-Mar-23
Madhya Pradesh,Indore,Indore(F&V),Drumstick,Vegetables,48,1500,3000,2500,29-Mar-23
Madhya Pradesh,Indore,Indore(F&V),Drumstick,Vegetables,129,1000,2500,2000,27-Mar-23
Madhya Pradesh,Indore,Indore(F&V),Drumstick,Vegetables,39,800,2000,1400,25-Mar-23
Madhya Pradesh,Indore,Indore(F&V),Drumstick,Vegetables,98,800,2000,1400,24-Mar-23
Madhya Pradesh,Indore,Indore(F&V),Drumstick,Vegetables,35,1000,2000,1600,23-Mar-23
Madhya Pradesh,Indore,Indore(F&V),Drumstick,Vegetables,35,1000,2000,1600,22-Mar-23
Madhya Pradesh,Indore,Indore(F&V),Drumstick,Vegetables,65,1000,2000,1600,21-Mar-23
Madhya Pradesh,Indore,Indore(F&V),Drumstick,Vegetables,30,1500,3000,2500,20-Mar-23
Madhya Pradesh,Indore,Indore(F&V),Drumstick,Vegetables,35,1500,3000,2500,19-Mar-23
Madhya Pradesh,Indore,Indore(F&V),Drumstick,Vegetables,35,1000,2000,1800,18-Mar-23
Madhya Pradesh,Indore,Indore(F&V),Drumstick,Vegetables,45,1500,3000,2500,15-Mar-23
Madhya Pradesh,Indore,Indore(F&V),Drumstick,Vegetables,72,1500,3000,2500,14-Mar-23
Madhya Pradesh,Indore,Indore(F&V),Drumstick,Vegetables,35,1000,2000,1600,13-Mar-23
Madhya Pradesh,Indore,Indore(F&V),Drumstick,Vegetables,30,1500,4000,3000,11-Mar-23
Madhya Pradesh,Indore,Indore(F&V),Drumstick,Vegetables,14,1000,2000,1600,10-Mar-23
Madhya Pradesh,Indore,Indore(F&V),Drumstick,Vegetables,35,1000,2000,1600,09-Mar-23
Madhya Pradesh,Indore,Indore(F&V),Drumstick,Vegetables,65,1000,2000,1600,07-Mar-23
Madhya Pradesh,Indore,Indore(F&V),Drumstick,Vegetables,71,1000,2000,1600,06-Mar-23
Madhya Pradesh,Indore,Indore(F&V),Drumstick,Vegetables,37,1500,2500,2000,05-Mar-23
Madhya Pradesh,Indore,Indore(F&V),Drumstick,Vegetables,30,1500,2500,2000,03-Mar-23
Madhya Pradesh,Indore,Indore(F&V),Drumstick,Vegetables,70,1500,3000,2500,02-Mar-23
Madhya Pradesh,Indore,Indore(F&V),Drumstick,Vegetables,40,3000,8000,5000,20-Nov-22
Madhya Pradesh,Indore,Indore(F&V),Drumstick,Vegetables,35,600,1200,1000,29-Apr-22
Madhya Pradesh,Indore,Indore(F&V),Drumstick,Vegetables,45,800,1500,1200,24-Apr-22
Madhya Pradesh,Indore,Indore(F&V),Drumstick,Vegetables,50,600,1200,1000,23-Apr-22
Madhya Pradesh,Indore,Indore(F&V),Drumstick,Vegetables,24,1000,2000,1600,20-Apr-22
Madhya Pradesh,Indore,Indore(F&V),Drumstick,Vegetables,52,1000,2000,1400,06-Apr-22
Madhya Pradesh,Indore,Indore(F&V),Drumstick,Vegetables,32,1000,1500,1200,04-Apr-22
Madhya Pradesh,Indore,Indore(F&V),Drumstick,Vegetables,6,1000,2500,2000,28-Mar-22
Madhya Pradesh,Hoshangabad,Itarsi,Drumstick,Vegetables,0.3,1500,1500,1500,11-Apr-22
Madhya Pradesh,Hoshangabad,Itarsi,Drumstick,Vegetables,0.12,1000,1000,1000,08-Apr-22
Madhya Pradesh,Hoshangabad,Itarsi,Drumstick,Vegetables,0.15,1000,1000,1000,06-Apr-22
Madhya Pradesh,Hoshangabad,Itarsi,Drumstick,Vegetables,0.2,600,600,600,05-Apr-22
Madhya Pradesh,Hoshangabad,Itarsi,Drumstick,Vegetables,0.4,1000,1000,1000,04-Apr-22
Madhya Pradesh,Hoshangabad,Itarsi,Drumstick,Vegetables,0.3,800,800,800,02-Apr-22
Madhya Pradesh,Hoshangabad,Itarsi,Drumstick,Vegetables,0.2,1700,1800,1800,29-Mar-22
Madhya Pradesh,Hoshangabad,Itarsi,Drumstick,Vegetables,0.2,1500,1500,1500,28-Mar-22
Madhya Pradesh,Hoshangabad,Itarsi,Drumstick,Vegetables,0.2,2000,2000,2000,26-Mar-22
Madhya Pradesh,Hoshangabad,Itarsi,Drumstick,Vegetables,0.12,3000,3000,3000,25-Mar-22
Madhya Pradesh,Hoshangabad,Itarsi,Drumstick,Vegetables,0.3,2900,3000,3000,24-Mar-22
Madhya Pradesh,Katni,Katni(F&V),Other,Vegetables,0.05,3000,3000,3000,11-Nov-23
Madhya Pradesh,Katni,Katni(F&V),Other,Vegetables,0.1,1800,1800,1800,15-Sep-23
Madhya Pradesh,Katni,Katni(F&V),Other,Vegetables,0.05,3000,3000,3000,28-Aug-23
Madhya Pradesh,Katni,Katni(F&V),Other,Vegetables,0.05,3000,3000,3000,27-Aug-23
Madhya Pradesh,Katni,Katni(F&V),Other,Vegetables,0.1,2000,2000,2000,19-Aug-23
Madhya Pradesh,Katni,Katni(F&V),Other,Vegetables,0.1,2000,2000,2000,11-Aug-23
Madhya Pradesh,Katni,Katni(F&V),Other,Vegetables,0.1,2000,2000,2000,10-Aug-23
Madhya Pradesh,Katni,Katni(F&V),Other,Vegetables,0.1,2000,2000,2000,09-Aug-23
Madhya Pradesh,Katni,Katni(F&V),Other,Vegetables,0.1,2000,2000,2000,08-Aug-23
Madhya Pradesh,Katni,Katni(F&V),Other,Vegetables,0.1,2000,2000,2000,07-Aug-23
Madhya Pradesh,Katni,Katni(F&V),Other,Vegetables,0.05,3000,3000,3000,27-Jul-23
Madhya Pradesh,Katni,Katni(F&V),Other,Vegetables,0.05,4000,4000,4000,24-Jul-23
Madhya Pradesh,Katni,Katni(F&V),Other,Vegetables,0.05,2000,2000,2000,23-Jul-23
Madhya Pradesh,Katni,Katni(F&V),Other,Vegetables,0.1,2000,2000,2000,22-Jul-23
Madhya Pradesh,Katni,Katni(F&V),Other,Vegetables,0.05,3000,3000,3000,17-Jul-23
Madhya Pradesh,Katni,Katni(F&V),Other,Vegetables,0.05,4000,4000,4000,15-Jul-23
Madhya Pradesh,Katni,Katni(F&V),Other,Vegetables,0.1,1500,1500,1500,14-Jul-23
Madhya Pradesh,Katni,Katni(F&V),Other,Vegetables,0.15,1500,5000,1500,13-Jul-23
Madhya Pradesh,Katni,Katni(F&V),Other,Vegetables,0.05,2400,2400,2400,09-Jul-23
Madhya Pradesh,Katni,Katni(F&V),Other,Vegetables,0.15,2000,2000,2000,08-Jul-23
Madhya Pradesh,Katni,Katni(F&V),Other,Vegetables,0.15,2000,2000,2000,04-Jul-23
Madhya Pradesh,Gwalior,Lashkar(F&V),Drumstick,Vegetables,1,1800,2200,2000,18-Jul-23
Madhya Pradesh,Gwalior,Lashkar(F&V),Drumstick,Vegetables,0.5,1800,2200,2000,17-Apr-20
Madhya Pradesh,Gwalior,Lashkar(F&V),Drumstick,Vegetables,0.5,1800,2200,2000,12-Mar-20
Madhya Pradesh,Gwalior,Lashkar(F&V),Drumstick,Vegetables,0.3,3000,4000,3500,11-Mar-20
Madhya Pradesh,Gwalior,Lashkar(F&V),Drumstick,Vegetables,0.4,3000,4000,3500,06-Mar-20
Madhya Pradesh,Gwalior,Lashkar(F&V),Drumstick,Vegetables,5.6,3400,3600,3500,29-Jul-19
Madhya Pradesh,Gwalior,Lashkar(F&V),Drumstick,Vegetables,1.2,1000,1400,1200,29-Apr-19
Madhya Pradesh,Gwalior,Lashkar(F&V),Drumstick,Vegetables,0.4,1400,1600,1500,24-Apr-19
Madhya Pradesh,Gwalior,Lashkar(F&V),Drumstick,Vegetables,0.7,1400,1600,1500,21-Apr-19
Madhya Pradesh,Gwalior,Lashkar(F&V),Drumstick,Vegetables,1.2,1400,1600,1500,18-Apr-19
Madhya Pradesh,Gwalior,Lashkar(F&V),Drumstick,Vegetables,1,1400,1600,1500,17-Apr-19
Madhya Pradesh,Gwalior,Lashkar(F&V),Drumstick,Vegetables,1.9,1400,1600,1500,16-Apr-19
Madhya Pradesh,Gwalior,Lashkar(F&V),Drumstick,Vegetables,0.7,2400,2600,2500,04-Apr-19
Madhya Pradesh,Gwalior,Lashkar(F&V),Drumstick,Vegetables,0.8,2800,3200,3000,31-Mar-19
Madhya Pradesh,Gwalior,Lashkar(F&V),Drumstick,Vegetables,1.3,2800,3200,3000,30-Mar-19
Madhya Pradesh,Gwalior,Lashkar(F&V),Drumstick,Vegetables,1,2800,3200,3000,27-Mar-19
Madhya Pradesh,Gwalior,Lashkar(F&V),Drumstick,Vegetables,2,2800,3200,3000,25-Mar-19
Madhya Pradesh,Gwalior,Lashkar(F&V),Drumstick,Vegetables,1.2,2800,3200,3000,24-Mar-19
Madhya Pradesh,Gwalior,Lashkar(F&V),Drumstick,Vegetables,1.3,2800,3200,3000,20-Mar-19
Madhya Pradesh,Gwalior,Lashkar(F&V),Drumstick,Vegetables,1.3,2800,3200,3000,19-Mar-19
Madhya Pradesh,Gwalior,Lashkar(F&V),Drumstick,Vegetables,1.8,2800,3200,3000,17-Mar-19
Madhya Pradesh,Gwalior,Lashkar(F&V),Drumstick,Vegetables,1.1,2800,3200,3000,16-Mar-19
Madhya Pradesh,Gwalior,Lashkar(F&V),Drumstick,Vegetables,1.6,2800,3200,3000,14-Mar-19
Madhya Pradesh,Gwalior,Lashkar(F&V),Drumstick,Vegetables,1.2,2800,3200,3000,12-Mar-19
Madhya Pradesh,Gwalior,Lashkar(F&V),Drumstick,Vegetables,2.2,3400,3600,3500,11-Mar-19
Madhya Pradesh,Gwalior,Lashkar(F&V),Other,Vegetables,0.8,3400,3600,3500,10-Mar-19
Madhya Pradesh,Gwalior,Lashkar(F&V),Drumstick,Vegetables,0.9,3400,3600,3500,08-Mar-19
Madhya Pradesh,Gwalior,Lashkar(F&V),Drumstick,Vegetables,0.9,3400,3600,3500,07-Mar-19
Madhya Pradesh,Gwalior,Lashkar(F&V),Drumstick,Vegetables,1,3400,3600,3500,06-Mar-19
Madhya Pradesh,Gwalior,Lashkar(F&V),Drumstick,Vegetables,0.8,3400,3600,3500,05-Mar-19
Madhya Pradesh,Gwalior,Lashkar(F&V),Drumstick,Vegetables,0.8,2800,3200,3000,03-Mar-19
Madhya Pradesh,Gwalior,Lashkar(F&V),Drumstick,Vegetables,0.9,2800,3200,3000,02-Mar-19
Madhya Pradesh,Gwalior,Lashkar(F&V),Drumstick,Vegetables,1,4000,5000,4500,26-Feb-19
Madhya Pradesh,Gwalior,Lashkar(F&V),Drumstick,Vegetables,0.6,4000,6000,5000,25-Feb-19
Madhya Pradesh,Gwalior,Lashkar(F&V),Drumstick,Vegetables,0.6,4000,5000,4500,24-Feb-19
Madhya Pradesh,Gwalior,Lashkar(F&V),Drumstick,Vegetables,2,4000,5000,4500,20-Feb-19
Madhya Pradesh,Gwalior,Lashkar(F&V),Other,Vegetables,1.4,4000,5000,4500,18-Feb-19
Madhya Pradesh,Gwalior,Lashkar(F&V),Drumstick,Vegetables,0.8,4000,5000,4500,16-Feb-19
Madhya Pradesh,Gwalior,Lashkar(F&V),Drumstick,Vegetables,0.8,4000,5000,4500,15-Feb-19
Madhya Pradesh,Gwalior,Lashkar(F&V),Drumstick,Vegetables,0.8,4000,5000,4500,14-Feb-19
Madhya Pradesh,Gwalior,Lashkar(F&V),Drumstick,Vegetables,0.6,4000,5000,4500,12-Feb-19
Madhya Pradesh,Gwalior,Lashkar(F&V),Drumstick,Vegetables,0.3,3500,4500,4000,07-Feb-19
Madhya Pradesh,Gwalior,Lashkar(F&V),Drumstick,Vegetables,0.8,3500,4500,4000,05-Feb-19
Madhya Pradesh,Gwalior,Lashkar(F&V),Drumstick,Vegetables,1,300,500,400,12-Apr-18
Madhya Pradesh,Gwalior,Lashkar(F&V),Drumstick,Vegetables,1,300,500,400,11-Apr-18
Madhya Pradesh,Gwalior,Lashkar(F&V),Drumstick,Vegetables,2.4,300,500,400,08-Apr-18
Madhya Pradesh,Gwalior,Lashkar(F&V),Drumstick,Vegetables,1.7,300,500,400,06-Apr-18
Madhya Pradesh,Gwalior,Lashkar(F&V),Drumstick,Vegetables,1.5,300,500,400,05-Apr-18
Madhya Pradesh,Gwalior,Lashkar(F&V),Drumstick,Vegetables,1,300,500,400,03-Apr-18
Madhya Pradesh,Gwalior,Lashkar(F&V),Drumstick,Vegetables,1,300,500,400,02-Apr-18
Madhya Pradesh,Gwalior,Lashkar(F&V),Drumstick,Vegetables,2,700,900,800,30-Mar-18
Madhya Pradesh,Gwalior,Lashkar(F&V),Drumstick,Vegetables,2.4,700,900,800,29-Mar-18
Madhya Pradesh,Gwalior,Lashkar(F&V),Drumstick,Vegetables,2.5,700,900,800,28-Mar-18
Madhya Pradesh,Gwalior,Lashkar(F&V),Drumstick,Vegetables,1.5,1400,1600,1500,27-Mar-18
Madhya Pradesh,Gwalior,Lashkar(F&V),Drumstick,Vegetables,2,1400,1600,1500,26-Mar-18
Madhya Pradesh,Gwalior,Lashkar(F&V),Drumstick,Vegetables,0.9,1400,1600,1500,24-Mar-18
Madhya Pradesh,Gwalior,Lashkar(F&V),Drumstick,Vegetables,0.9,1400,1600,1500,23-Mar-18
Madhya Pradesh,Gwalior,Lashkar(F&V),Drumstick,Vegetables,0.4,1400,1600,1500,22-Mar-18
Madhya Pradesh,Gwalior,Lashkar(F&V),Drumstick,Vegetables,0.5,1000,1400,1200,21-Mar-18
Madhya Pradesh,Gwalior,Lashkar(F&V),Drumstick,Vegetables,2,1400,1600,1500,16-Mar-18
Madhya Pradesh,Gwalior,Lashkar(F&V),Drumstick,Vegetables,1.8,1400,1600,1500,14-Mar-18
Madhya Pradesh,Gwalior,Lashkar(F&V),Drumstick,Vegetables,1.5,1800,2200,2000,13-Mar-18
Madhya Pradesh,Gwalior,Lashkar(F&V),Drumstick,Vegetables,2.4,1800,2200,2000,12-Mar-18
Madhya Pradesh,Gwalior,Lashkar(F&V),Drumstick,Vegetables,0.9,2600,3000,2800,26-Feb-18
Madhya Pradesh,Gwalior,Lashkar(F&V),Drumstick,Vegetables,0.6,2600,3000,2800,25-Feb-18
Madhya Pradesh,Gwalior,Lashkar(F&V),Drumstick,Vegetables,0.6,2600,3000,2800,24-Feb-18
Madhya Pradesh,Gwalior,Lashkar(F&V),Drumstick,Vegetables,1.3,2800,3200,3000,23-Feb-18
Madhya Pradesh,Gwalior,Lashkar(F&V),Drumstick,Vegetables,2.5,2800,3200,3000,22-Feb-18
Madhya Pradesh,Gwalior,Lashkar(F&V),Drumstick,Vegetables,0.5,3000,3400,3200,21-Feb-18
Madhya Pradesh,Gwalior,Lashkar(F&V),Drumstick,Vegetables,1.2,3000,3400,3200,20-Feb-18
Madhya Pradesh,Gwalior,Lashkar(F&V),Drumstick,Vegetables,1.5,4000,5000,4500,19-Feb-18
Madhya Pradesh,Gwalior,Lashkar(F&V),Drumstick,Vegetables,0.6,4000,5000,4500,16-Feb-18
Madhya Pradesh,Dhar,Rajgarh,Drumstick,Vegetables,4,1000,1500,1250,20-Mar-20
Madhya Pradesh,Dhar,Rajgarh,Drumstick,Vegetables,4,900,1200,1000,18-Mar-20
Madhya Pradesh,Dhar,Rajgarh,Drumstick,Vegetables,4,800,1200,1000,17-Mar-20
Madhya Pradesh,Dhar,Rajgarh,Drumstick,Vegetables,2,800,1200,1000,13-Mar-20
